filename,bpm,rms_energy,spectral_centroid,spectral_contrast,zero_crossing_rate,harmonic_ratio,mfcc_1_mean,mfcc_2_mean,mfcc_2_std,mfcc_3_mean,mfcc_3_std,mfcc_4_mean,lyrical_sentiment,tempo_stability,dynamic_range_db,spectral_flatness,onset_rate,onset_strength_mean,tonnetz_1,tonnetz_2,tonnetz_3,tonnetz_4,tonnetz_5,tonnetz_6,energy_buildup,Mrs Green Apple,Zutomayo,Yorushika,Zutomayo LIVE,chord_change_rate,chord_diversity,major_chord_ratio,chord_entropy,band_bass_ratio,band_mid_ratio,band_high_ratio,inst_acoustic_guitar,inst_electric_guitar,inst_steel_guitar_slide_guitar,inst_bass_guitar,inst_banjo,inst_mandolin,inst_plucked_string_instrument,inst_violin_fiddle,inst_cello,inst_double_bass,inst_bowed_string_instrument,inst_pizzicato,inst_piano,inst_electric_piano,inst_organ,inst_synthesizer,inst_harpsichord,inst_drum_kit,inst_drum_machine,inst_bass_drum,inst_snare_drum,inst_hi-hat,inst_cymbal,inst_tabla,inst_saxophone,inst_trumpet,inst_trombone,inst_flute,inst_brass_instrument,inst_wind_instrument_woodwind_instrument,inst_singing,inst_male_singing,inst_female_singing,inst_choir,inst_rapping,inst_drum,inst_music,mode_ionian_match,mode_dorian_match,mode_phrygian_match,mode_lydian_match,mode_mixolydian_match,mode_aeolian_match,mode_locrian_match,mode_harmonic_minor_match,mode_melodic_minor_match,mode_pentatonic_maj_match,mode_pentatonic_min_match,mode_blues_match,mode_hirajoshi_match,scale_root,scale_mode,scale,artist_zuttomayo_live
ずっと真夜中でいいのに。『Dear. Mr「F」』MV.mp3,152,0.1029462218284607,1895.344352222058,25.388405451045067,0.092218439,0.7612770095103434,-225.7765045,98.76660156,46.126712799072266,4.447531223297119,24.60876846313477,11.738492012023926,-0.6521,0.0173,37.04,0.022392616,2.63,1.2616,0.2844655533055331,-0.011106277,0.1397652899288488,0.023246556,-0.005605337,-0.017161097,2.048,FALSE,TRUE,FALSE,FALSE,1.603,1,0.656,3.664,0.45986262,0.2369615286588668,0.007754821,0.0004,0.0002,0.0001,0.0003,0,0.0001,0.0013,0.0035,0.0053,0.0043,0.0057,0.0006,0.0013,0.0005,0.0006,0.0002,0.0003,0.0004,0,0.0002,0.0001,0.0001,0.0001,0,0.0008,0.0017,0.0023,0.0002,0.0049,0.0002,0.0221,0.0012,0.0011,0.0007,0.0001,0.0005,0.6678,0.9238,0.8924,0.8936,0.919,0.909,0.8942,0.8764,0.909,0.9072,0.8719,0.8435,0.866,0.8699,G,ionian,G ionian,FALSE
ずっと真夜中でいいのに。『優しくLAST SMILE』 (ZUTOMAYO -Yasashiku Last Smile)（Audio Track）.mp3,112.35,0.1010681837797164,1989.9317991397768,24.20891160194628,0.085402158,0.6826757827507824,-218.768692,103.80005645751952,45.14069366455078,4.296752452850342,25.627382278442383,-2.441929817,0.447,0.0212,26.1,0.025650308,2.6,1.3395,0.082156327,0.3002094139110019,-0.069914956,0.08827124,0.006106419,0.01301042,0.944,FALSE,TRUE,FALSE,FALSE,1.798,0.958,0.717,3.435,0.2368263900279998,0.4220620393753052,0.002694599,0.0003,0.0002,0.0015,0.0002,0,0,0.0008,0.0016,0.0005,0.0003,0.0012,0.0002,0.0127,0.0059,0.0003,0.0003,0.0002,0.0003,0,0.0001,0.0001,0.0001,0.0001,0,0.0004,0.0002,0.0002,0.0002,0.0005,0.0004,0.032,0.0009,0.0007,0.0009,0,0.0003,0.7612,0.9309,0.8898,0.9174,0.9152,0.9161,0.9047,0.9041,0.8961,0.8978,0.8727,0.8461,0.8549,0.873,A,ionian,A ionian,FALSE
ずっと真夜中でいいのに。『Blues in the Closet』MV (ZUTOMAYO – Blues in the Closet).mp3,112.35,0.1336854845285415,1414.3222746315555,23.592812703209592,0.050843702,0.6430021952949185,-198.9978943,127.77828216552734,44.49776458740234,11.91812515258789,21.51004409790039,13.989130020141602,-0.0265,0.0124,37.04,0.042651419,4.42,1.4808,0.022263595,0.2133764350663358,0.017184626,-0.100953786,-0.011035159,-0.019120493,1.14,FALSE,TRUE,FALSE,FALSE,1.666,0.958,0.692,3.519,0.4077939391136169,0.2573504149913788,0.009579781,0.0005,0.0005,0.0005,0.0005,0.0001,0.0001,0.002,0.0007,0.0008,0.0005,0.0007,0.0004,0.0149,0.0061,0.0004,0.0003,0.0006,0.0007,0.0001,0.0004,0.0002,0.0001,0.0002,0,0.0001,0.0002,0.0002,0.0001,0.0004,0.0002,0.0293,0.0005,0.0005,0.0005,0.0002,0.0009,0.637,0.8947,0.8727,0.8932,0.8827,0.8866,0.8848,0.8765,0.8929,0.8809,0.8316,0.8337,0.8578,0.848,F,ionian,F ionian,FALSE
ずっと真夜中でいいのに。『グラスとラムレーズン』 (ZUTOMAYO -Glass To Rum Raisin)（Audio Track）.mp3,143.55,0.1356910914182663,2506.794225864066,22.38479376271112,0.1041920419889913,0.4188734179095322,-186.4476166,75.04113006591797,43.55440139770508,8.897810935974121,28.06322479248047,11.34801197052002,0.447,0.0152,47.07,0.039035559,3.23,1.8838,-0.057336964,-0.08947232,0.046909978,-0.017568547,-0.002182165,0.002353495,1.303,FALSE,TRUE,FALSE,FALSE,1.984,1,0.714,3.939,0.3597026765346527,0.2302141636610031,0.011113218,0.0003,0.0011,0.0006,0.0005,0,0,0.0022,0.0004,0.0002,0.0001,0.0004,0.0001,0.0004,0.0002,0.0002,0.0003,0.0001,0.0116,0.0002,0.0069,0.0064,0.006,0.0063,0,0.0001,0.0001,0.0001,0.0001,0.0002,0.0001,0.0196,0.0006,0.0009,0.0002,0.0004,0.0113,0.6425,0.8893,0.8713,0.8696,0.8889,0.8842,0.8703,0.8726,0.8774,0.8764,0.8287,0.8297,0.858,0.8286,G#,ionian,G# ionian,FALSE
ずっと真夜中でいいのに。『サターン』(ZUTOMAYO - Saturn).mp3,123.05,0.1199566200375557,2539.432802605848,23.305517843393844,0.091711215,0.766432463,-182.2109375,69.54576873779297,27.637142181396484,23.193347930908203,30.50891876220703,42.72210693359375,0.108,0.0231,22.53,0.013356635,3.69,1.4546,-0.130426636,0.065269042,-0.030576688,0.064304361,-0.015576596,-0.011007128,0.915,FALSE,TRUE,FALSE,FALSE,2.095,1,0.689,3.191,0.4494621753692627,0.2292088270187378,0.011647662,0.0003,0.0002,0.0001,0.0004,0,0.0001,0.0012,0.0002,0.0001,0.0001,0.0002,0.0002,0.0017,0.0015,0.0002,0.0007,0.0002,0.0011,0.0001,0.0004,0.0003,0.0001,0.0002,0.0001,0.0001,0.0001,0,0.0001,0.0001,0.0001,0.0169,0.0003,0.0004,0.0002,0.0002,0.0009,0.732,0.9174,0.8831,0.8873,0.9192,0.9071,0.8915,0.8758,0.9048,0.8949,0.8556,0.8505,0.8719,0.8761,C#,lydian,C# lydian,FALSE
ずっと真夜中でいいのに。『アンチモン』 (ZUTOMAYO - antinomy)（Audio Track）.mp3,123.05,0.2003001272678375,2077.646666808808,21.530293061599927,0.072241931,0.7740399343358972,-160.0466461,94.16139221191406,45.13353348,28.10321044921875,24.027976989746094,21.23809051513672,0.447,0.0137,30.91,0.030134583,5.83,1.9068,0.061205297,0.057907672,-0.006467041,0.056361517,0.016915188,-0.000687057,2.273,FALSE,TRUE,FALSE,FALSE,1.752,0.958,0.69,2.782,0.4391895830631256,0.2225622236728668,0.02279,0.0004,0.0004,0.0002,0.0003,0.0001,0.0001,0.0016,0.0002,0.0001,0.0001,0.0002,0.0002,0.0024,0.0036,0.0003,0.0038,0.0003,0.0048,0.0006,0.0031,0.0029,0.0011,0.0016,0,0.0001,0.0001,0,0.0001,0.0001,0.0001,0.0115,0.0002,0.0002,0.0001,0.0002,0.0051,0.7163,0.9396,0.8995,0.8929,0.9352,0.9259,0.9026,0.8836,0.9163,0.9132,0.8775,0.8757,0.8857,0.8781,A#,ionian,A# ionian,FALSE
ずっと真夜中でいいのに。『形』MV (ZUTOMAYO - Pain Give Form).mp3,92.29,0.1129843443632125,1946.695904550842,21.469866595159075,0.079338446,0.7349996035998492,-155.1984253,97.22706604003906,39.87303161621094,6.828888893127441,18.7597599,19.299591064453125,0.2704,0.0387,78.59,0.080914102,2.33,1.1305,-0.06285123,-0.06164958,-0.080558114,-0.057699427,0.015116486,0.008677893,0.93,FALSE,TRUE,FALSE,FALSE,2.461,1,0.68,4.296,0.4138514399528503,0.2776259481906891,0.024120569,0.0004,0.0003,0.0001,0.0005,0,0.0001,0.0013,0.0006,0.0002,0.0001,0.0004,0.0002,0.0011,0.0011,0.0001,0.0003,0.0007,0.0017,0.0002,0.0007,0.0009,0.0008,0.0015,0,0.0001,0.0001,0.0001,0.0001,0.0001,0.0001,0.022,0.0004,0.0003,0.0001,0.0002,0.0018,0.7211,0.8681,0.8621,0.8734,0.8677,0.866,0.8676,0.8705,0.8668,0.861,0.8118,0.8122,0.8424,0.8189,D#,phrygian,D# phrygian,FALSE
ずっと真夜中でいいのに。『過眠』 (ZUTOMAYO - Hypersomnia)（Audio Track）.mp3,71.78,0.162682369,1967.698934,23.25861683425472,0.084416068,0.8444889332549944,-146.3209534,105.40099334716795,46.25539016723633,2.245795965194702,20.49143409729004,22.60792732238769,-0.6095,0.0468,28.46,0.020541355,2.22,1.1925,0.034251992,0.071055933,0.1310611766625219,0.039254285,-0.017743111,-0.016426956,1.129,FALSE,TRUE,FALSE,FALSE,1.845,1,0.604,3.128,0.4239414036273956,0.2736597955226898,0.013015484,0.0003,0.0002,0.0002,0.0002,0,0.0001,0.0009,0.0076,0.0028,0.0007,0.0031,0.0003,0.0004,0.0003,0.0001,0.0001,0.0001,0.0005,0,0.0002,0.0002,0.0001,0.0001,0,0.0001,0.0001,0,0.002,0.0001,0.0008,0.0201,0.0004,0.0002,0.0001,0.0001,0.0005,0.7463,0.9307,0.8873,0.9052,0.9265,0.916,0.9018,0.8817,0.8959,0.897,0.8878,0.8464,0.8497,0.8826,A,ionian,A ionian,FALSE
ずっと真夜中でいいのに。『よもすがら』MV (ZUTOMAYO - yomosugara).mp3,117.45,0.1207809597253799,2271.1250568278324,22.16871607084356,0.092909912,0.7471182293653816,-131.0892639,91.19123077392578,34.94761276245117,8.869145393371582,21.32284545898437,20.38027000427246,0.4646,0.0163,16.39,0.047107324,2.78,1.4735,0.013933971,0.1324211355680074,0.025453065,0.023013316,0.017843646,0.02204401,1.05,FALSE,TRUE,FALSE,FALSE,2.127,1,0.642,3.84,0.3409297466278076,0.2391119599342346,0.027994569,0.0004,0.0005,0.0001,0.0005,0,0,0.0019,0.0007,0.0006,0.0004,0.001,0.0003,0.0124,0.0039,0.0002,0.0003,0.0003,0.0015,0,0.0006,0.0004,0.0002,0.0003,0,0.0002,0.0004,0.0003,0.0001,0.0016,0.0003,0.0208,0.0003,0.0003,0.0001,0.0001,0.0017,0.7112,0.9035,0.8818,0.8879,0.8897,0.903,0.879,0.8868,0.8766,0.8829,0.8402,0.8414,0.8605,0.8454,D,ionian,D ionian,FALSE
ずっと真夜中でいいのに。『彷徨い酔い温度』 (ZUTOMAYO - Samayoi Yoi Ondo)（Audio Track）.mp3,117.45,0.1932990700006485,2082.3148133894574,23.60666735,0.088575427,0.8175173489496237,-126.697319,97.14531707763672,36.193119049072266,-0.62817806,26.642391204833984,11.139766693115234,-0.6728,0.0191,28.11,0.021518415,2.99,1.5669,-0.194108958,0.062624976,-0.042192347,0.093860074,0.019133995,0.013821854,1.403,FALSE,TRUE,FALSE,FALSE,1.99,1,0.7,3.711,0.4879307448863983,0.2145912051200866,0.021620614,0.0008,0.0008,0.0004,0.0008,0,0,0.0031,0.0002,0.0001,0.0001,0.0002,0.0001,0.0002,0.0002,0,0.0001,0.0001,0.0007,0,0.0002,0.0002,0.0001,0.0001,0,0,0,0,0.0001,0.0001,0.0001,0.0182,0.0004,0.0003,0.0001,0,0.0007,0.7831,0.9032,0.8817,0.8858,0.8953,0.8937,0.8794,0.8817,0.8887,0.8912,0.8482,0.8314,0.8499,0.8505,A,ionian,A ionian,FALSE
ずっと真夜中でいいのに。『ろんりねす』 (ZUTOMAYO - Loneliness)（Audio Track）.mp3,136,0.2125618159770965,2097.571107227813,22.75072852767454,0.070122984,0.7768053293493149,-120.3510666,90.33712005615234,34.63610076904297,21.619951248168945,23.20352554321289,28.347017288208008,0.1057,0.0122,21.55,0.021362687,3.42,1.4068,-0.059087506,-0.12467186,0.050907018,0.021497273,0.010354181,-0.006774998,0.945,FALSE,TRUE,FALSE,FALSE,1.992,1,0.794,3.048,0.2376973330974578,0.3332380652427673,0.025719693,0.0002,0.0001,0.0001,0.0001,0.0003,0.0002,0.0007,0.0006,0.0001,0,0.0002,0.0003,0.0008,0.0006,0.0001,0.0009,0.0055,0.0004,0.0011,0.0003,0.0002,0.0001,0.0001,0,0.0002,0.0002,0.0001,0.0001,0.0002,0.0001,0.0077,0.0001,0.0001,0,0.0002,0.0007,0.8096,0.9275,0.8972,0.886,0.9289,0.9168,0.8966,0.8882,0.9074,0.9057,0.8684,0.8689,0.8824,0.8664,D#,lydian,D# lydian,FALSE
ずっと真夜中でいいのに。『メディアノーチェ』MV (ZUTOMAYO - Medianoche).mp3,86.13,0.1150543913245201,2368.145957355801,20.926995609255272,0.1021615860877695,0.6369458393263016,-119.9225159,86.03559112548828,30.97047233581543,-3.236594915,21.63117027282715,14.864734649658203,0.447,0.0278,50.29,0.072612815,1.93,1.3055,-0.103716282,0.015405531,-0.073219728,-0.023968473,-0.000761783,-0.010170646,0.917,FALSE,TRUE,FALSE,FALSE,1.885,1,0.641,3.803,0.5068835616111755,0.2038096934556961,0.006750921,0.0003,0.0003,0.0001,0.0005,0,0.0001,0.0013,0.0002,0.0002,0.0001,0.0003,0.0014,0.0007,0.0006,0.0001,0.0002,0.0005,0.0017,0.0001,0.0009,0.0006,0.0004,0.0005,0,0.0001,0.0001,0.0001,0.0001,0.0001,0.0001,0.0177,0.0004,0.0002,0.0001,0.0002,0.0018,0.7014,0.892,0.8735,0.8926,0.8919,0.882,0.8926,0.8754,0.895,0.871,0.8376,0.818,0.8418,0.8593,D#,harmonic_minor,D# harmonic_minor,FALSE
ずっと真夜中でいいのに。『クズリ念』MV (ZUTOMAYO – KUZURI).mp3,123.05,0.1204159036278724,2346.007563177518,22.23267804224502,0.1097219830476445,0.6779377037523496,-115.822197,87.76694489,31.249963760375977,4.112414360046387,16.78507423400879,27.076934814453125,-0.5845,0.019,17.75,0.044468991,2.58,1.3,0.1614772759344761,-0.065030827,0.020926126,-0.118359537,-0.003215523,-0.013087759,0.987,FALSE,TRUE,FALSE,FALSE,2.366,1,0.6,4.142,0.4864799976348877,0.2093199640512466,0.022505896,0.0004,0.0034,0.0001,0.0009,0,0,0.0043,0.0004,0.0001,0.0001,0.0002,0.0001,0.0003,0.0002,0,0.0003,0.0001,0.0005,0.0001,0.0003,0.0001,0.0001,0.0001,0,0,0,0,0.0001,0.0001,0.0001,0.0062,0.0001,0.0002,0,0.0001,0.0006,0.8003,0.8879,0.8734,0.8876,0.8856,0.8823,0.8857,0.8758,0.8836,0.8699,0.8349,0.8212,0.8521,0.8436,F,ionian,F ionian,FALSE
ずっと真夜中でいいのに。『Ham』MV (ZUTOMAYO  – Ham).mp3,117.45,0.2170652598142624,2096.0615016767347,23.34235485397713,0.090973275,0.7724296775002523,-114.9642715,87.34634399414062,39.55165863037109,4.400796890258789,23.41268920898437,23.31732177734375,-0.3957,0.021,78.06,0.063013159,3.04,1.4928,-0.013721946,0.1861442514704132,-0.037592428,-0.06447385,-0.012005657,-0.007511758,1.434,FALSE,TRUE,FALSE,FALSE,2.375,1,0.665,3.857,0.5084431171417236,0.2142468988895416,0.022247775,0.0003,0.0008,0.0002,0.0007,0,0,0.0017,0.0001,0.0001,0,0.0001,0.0001,0.0004,0.0002,0,0.0001,0.0001,0.0039,0.0001,0.0019,0.0011,0.0004,0.0004,0,0,0,0,0,0,0,0.008,0.0001,0.0001,0,0.0001,0.0038,0.7895,0.8911,0.8889,0.882,0.8822,0.8922,0.8869,0.8689,0.8858,0.8878,0.8356,0.8443,0.8657,0.8287,C#,mixolydian,C# mixolydian,FALSE
ずっと真夜中でいいのに。『クリームで会いにいけますか』MV (ZUTOMAYO - CREAM).mp3,129.2,0.1236106604337692,2195.7660070317565,21.743447753632417,0.09905337,0.678663809,-110.7583542,92.94295501708984,30.361555099487305,0.7396809458732605,17.28738021850586,24.06887435913086,0.447,0.017,10.45,0.054461546,4.16,1.3719,-0.024788736,-0.081829187,-0.007931271,-0.021838254,0.008311462,0.005222712,0.933,FALSE,TRUE,FALSE,FALSE,1.919,1,0.718,3.024,0.4521612524986267,0.2309123873710632,0.022866951,0.0002,0.0002,0,0.0003,0.0001,0.0001,0.0009,0.0003,0.0001,0.0001,0.0003,0.0002,0.0002,0.0003,0.0001,0.0006,0.0001,0.0009,0.0002,0.0005,0.0003,0.0001,0.0002,0.0001,0.0001,0.0001,0.0001,0.0001,0.0001,0.0015,0.0155,0.0005,0.0004,0.0001,0.0002,0.0013,0.7097,0.918,0.8825,0.8877,0.9207,0.9035,0.8898,0.8836,0.9043,0.897,0.8595,0.8455,0.8701,0.8725,G,lydian,G lydian,FALSE
ずっと真夜中でいいのに。『残機』MV (ZUTOMAYO - Time Left).mp3,143.55,0.1185484901070594,2432.8435358093056,21.13945341386516,0.1076720791215477,0.6534581686444937,-107.4438477,86.20934295654297,29.696792602539062,6.689055442810059,17.886585235595703,20.318967819213867,0.1312,0.0165,12.02,0.050602749,3.44,1.386,0.1377668378601814,-0.017142192,0.054523006,0.040851289,0.004905541,-0.015199239,1.114,FALSE,TRUE,FALSE,FALSE,2.49,0.958,0.61,3.307,0.2805809080600738,0.3282940983772278,0.016001271,0.0003,0.0023,0.0004,0.0005,0,0,0.004,0.0002,0.0001,0,0.0003,0.0001,0.0002,0.0001,0.0001,0.0003,0,0.0014,0.0002,0.0007,0.0005,0.0002,0.0002,0.0001,0.0001,0.0001,0,0,0.0001,0.0002,0.0286,0.0003,0.0003,0.0001,0.0003,0.0021,0.6699,0.9111,0.8802,0.8882,0.9159,0.902,0.892,0.8752,0.891,0.8832,0.8766,0.8562,0.8469,0.8619,C,lydian,C lydian,FALSE
ずっと真夜中でいいのに。『夏枯れ』Special Movie (ZUTOMAYO - Summer Slack).mp3,103.36,0.2213712632656097,1962.360563,22.3573634,0.087894476,0.6768509940734935,-105.266861,95.59451293945312,41.59540939331055,2.0804479122161865,20.38803672790528,22.01181411743164,-0.369,0.0229,78.06,0.074889757,3.82,1.4707,0.1238937808802502,0.095714368,-0.000739957,0.025016495,0.002834777,0.01000395,0.875,FALSE,TRUE,FALSE,FALSE,2.623,1,0.61,4.094,0.4632053077220917,0.223828375,0.027729217,0.0001,0.0001,0,0.0001,0,0,0.0005,0.0001,0.0001,0.0001,0.0002,0.0001,0.0007,0.0004,0.0001,0.0001,0.0001,0.0039,0.0001,0.0023,0.0022,0.0005,0.0007,0,0.0001,0,0.0001,0,0.0001,0,0.0177,0.0003,0.0002,0,0.0002,0.0039,0.7897,0.8845,0.8732,0.8752,0.8825,0.8816,0.8736,0.8687,0.875,0.8762,0.8342,0.8187,0.8497,0.8374,F,ionian,F ionian,FALSE
ずっと真夜中でいいのに。『海馬成長痛』MV (ZUTOMAYO – Hippocampal Pain).mp3,143.55,0.1214683577418327,2457.9295737538005,21.237098658837063,0.1122557429789928,0.6836850023070047,-102.8018341,76.31491088867188,29.28685188293457,-6.376441956,19.351539611816406,33.209712982177734,-0.5591,0.0157,28.66,0.065370224,2.6,1.3476,0.1110934322746781,0.03453757,-0.064835929,0.1336942723118316,0.008896989,0.00569441,0.978,FALSE,TRUE,FALSE,FALSE,2.15,0.958,0.671,3.086,0.4094865918159485,0.3009801805019378,0.014666582,0.0004,0.0003,0.0002,0.0004,0.0005,0.0003,0.0018,0.0003,0.0001,0.0001,0.0005,0.0003,0.0021,0.0009,0.0001,0.0002,0.0002,0.0085,0.0001,0.0054,0.0097,0.0017,0.0016,0,0.0001,0.0001,0,0.0001,0.0001,0.0001,0.0103,0.0002,0.0001,0.0001,0.0001,0.0092,0.7345,0.9231,0.8885,0.9061,0.9189,0.9204,0.9027,0.8873,0.8957,0.8928,0.8632,0.8462,0.8599,0.8792,G,ionian,G ionian,FALSE
ずっと真夜中でいいのに。『シェードの埃は延長』MV (ZUTOMAYO - SHADE).mp3,95.7,0.1260443031787872,2431.021676381593,21.41688457153501,0.099068441,0.7325445269775829,-100.5411224,84.37157440185547,28.566123962402344,2.526249408721924,18.22002220153809,14.541330337524414,-0.2909,0.0293,16.72,0.055985417,3.82,1.2771,0.05091247,0.093112641,-0.038622763,-0.033484168,-0.00944123,0.009282937,0.858,FALSE,TRUE,FALSE,FALSE,2.306,0.958,0.705,3.529,0.3828188776969909,0.2824433743953705,0.019837901,0.0002,0.0005,0,0.0003,0.0001,0.0001,0.0009,0.0002,0,0,0.0001,0.0001,0.0002,0.0002,0.0001,0.0004,0.0001,0.001,0.001,0.0006,0.0003,0.0001,0.0002,0.0001,0.0001,0,0,0.0009,0.0001,0.0025,0.0152,0.0005,0.0003,0,0.0004,0.0013,0.7624,0.8879,0.8989,0.8982,0.8848,0.8927,0.9018,0.879,0.8982,0.8953,0.8476,0.853,0.8703,0.8453,E,aeolian,E aeolian,FALSE
ずっと真夜中でいいのに。『不法侵入』MV (ZUTOMAYO – Intrusion).mp3,92.29,0.1339347064495086,2435.958986,22.28577808628549,0.1152959596342674,0.6908606730520305,-96.98256683,85.57976531982422,29.28643798828125,-9.019371986,21.42139434814453,21.65526580810547,-0.1605,0.0197,18.4,0.043230485,3.98,1.4059,0.065082738,0.1440502160995881,-0.053010206,0.015796698,-0.00169256,0.009592624,1.042,FALSE,TRUE,FALSE,FALSE,1.978,1,0.635,3.177,0.4195707440376282,0.2601765096187591,0.031059729,0.0004,0.0025,0.0005,0.0014,0,0.0001,0.0043,0.0001,0.0001,0,0.0002,0.0001,0.0006,0.0004,0,0.0001,0.0001,0.0056,0.0001,0.0019,0.0018,0.0007,0.0011,0,0,0,0,0,0,0,0.0138,0.0001,0.0001,0.0001,0,0.0049,0.6929,0.9234,0.8758,0.9043,0.9166,0.909,0.8988,0.8809,0.902,0.8902,0.8642,0.8297,0.8651,0.8906,F,ionian,F ionian,FALSE
ずっと真夜中でいいのに。『奥底に眠るルーツ』 (ZUTOMAYO - Inner Heart)（Audio Track）.mp3,89.1,0.1931528747081756,2485.529342000758,22.713021869477608,0.1018587600509283,0.7204675940865656,-94.93279266,75.13239288330078,29.17988014221192,5.654757022857666,21.296405792236328,30.18281936645508,-0.0502,0.04,18.36,0.037093654,3.95,1.5878,0.004939329,-0.112500552,0.03047124,0.07298958,-0.00110947,8.298382403889253e-05,0.918,FALSE,TRUE,FALSE,FALSE,2.379,1,0.647,3.563,0.4394619464874267,0.2873899936676025,0.027698142,0.0003,0.0007,0.0001,0.0007,0,0,0.0019,0.0003,0.0001,0.0001,0.0003,0.0001,0.0009,0.0004,0,0.0001,0.0001,0.0093,0.0003,0.008,0.0071,0.0029,0.0039,0,0,0,0,0,0.0001,0.0001,0.0093,0.0001,0.0001,0,0.0001,0.0108,0.6727,0.9171,0.878,0.9036,0.9067,0.9045,0.8952,0.8963,0.8899,0.8915,0.8508,0.8362,0.8562,0.868,B,ionian,B ionian,FALSE
ずっと真夜中でいいのに。『微熱魔』MV (ZUTOMAYO - Warmthaholic).mp3,89.1,0.1252569705247879,2316.939029540936,21.52353311764581,0.1046622852626589,0.7233970697537458,-94.66030884,94.16584014892578,27.321083068847656,-3.228313446,16.902894973754883,21.802135467529297,0.447,0.0276,9.53,0.038856179,3.73,1.3814,0.166487939,0.011416461,0.090046669,-0.048986852,-0.005185092,-0.009858274,1.02,FALSE,TRUE,FALSE,FALSE,2.55,1,0.676,3.514,0.3847254514694214,0.3103299438953399,0.032243468,0.0004,0.0033,0,0.0012,0,0,0.0046,0.0001,0.0001,0,0.0001,0,0.0001,0,0,0,0,0.0069,0.0001,0.0036,0.003,0.0025,0.0025,0,0,0,0,0,0,0,0.0077,0.0003,0.0001,0,0.0006,0.0055,0.7712,0.9023,0.8752,0.8886,0.8991,0.899,0.886,0.8787,0.8878,0.881,0.8442,0.8287,0.8521,0.8552,E,ionian,E ionian,FALSE
ずっと真夜中でいいのに。『綺羅キラー (feat. Mori Calliope)』MV (ZUTOMAYO – Kira Killer).mp3,143.55,0.1210403516888618,2448.394559,21.603608056428705,0.1237814015355603,0.6487893358537037,-86.79935455,87.94254302978516,26.242647171020508,-14.15094948,24.68350601196289,23.415218353271484,-0.6521,0.013,11.24,0.035925794,2.65,1.3493,0.014385118,0.080446754,0.0154853,-0.055138043,0.005663804,-0.012542202,0.953,FALSE,TRUE,FALSE,FALSE,2.053,1,0.605,3.157,0.4819800853729248,0.2350645363330841,0.021170082,0.0005,0.0012,0.0001,0.0008,0,0,0.0026,0.0001,0.0001,0,0.0001,0.0001,0.0008,0.0005,0,0.0001,0.0002,0.0017,0,0.0007,0.0005,0.0002,0.0003,0,0,0,0,0.0001,0,0.0001,0.0081,0.0001,0.0001,0,0.0001,0.0017,0.7311,0.9243,0.8803,0.9019,0.9123,0.9118,0.8923,0.8842,0.8927,0.8928,0.8644,0.8318,0.8625,0.8811,E,ionian,E ionian,FALSE
ずっと真夜中でいいのに。『胸の煙』MV（ZUTOMAYO – One's Mind).mp3,136,0.254159927,2276.145738611989,22.579623552245543,0.087903498,0.6551575603249737,-84.27828217,77.61600494384766,36.54935073852539,10.94431972503662,20.16346549987793,32.26115036010742,-0.5874,0.0157,29.41,0.055675913,3.91,1.3385,-0.100456174,0.0220944,0.041979987,-0.044251578,0.006606741,-0.002555617,1.086,FALSE,TRUE,FALSE,FALSE,2.435,1,0.618,3.863,0.4607226252555847,0.1993129104375839,0.030440338,0.0004,0.0011,0.0001,0.0007,0,0,0.0027,0.0001,0.0001,0.0001,0.0002,0.0001,0.0006,0.0006,0,0.0003,0.0001,0.0047,0.0001,0.0024,0.0018,0.0005,0.0008,0,0,0.0001,0,0,0.0001,0,0.0079,0.0001,0.0001,0,0.0001,0.0052,0.7297,0.9032,0.8776,0.8857,0.8954,0.8959,0.8795,0.8775,0.8787,0.882,0.8409,0.8374,0.858,0.8467,E,ionian,E ionian,FALSE
ずっと真夜中でいいのに。『マリンブルーの庭園』 (ZUTOMAYO - Marine Blue Garden)（Audio Track）.mp3,86.13,0.2383782267570495,2031.778373775595,23.256315379614293,0.079675712,0.8020695188095844,-81.62062073,99.23967742919922,36.12081146240234,-0.178038597,25.75969886779785,37.21106719970703,-0.3305,0.0234,12.88,0.016019298,3.31,1.3715,0.1420740585568392,-0.0285534,0.019622826,-0.088000726,-0.006292505,-0.001752505,0.973,FALSE,TRUE,FALSE,FALSE,2.618,1,0.617,3.855,0.4448257684707641,0.2741922736167907,0.023010366,0.0002,0.0003,0.0001,0.0004,0.0001,0.0001,0.0011,0.0002,0.0001,0.0001,0.0002,0.0002,0.0004,0.0002,0.0001,0.0001,0.0001,0.0029,0,0.001,0.0009,0.0003,0.0004,0,0,0,0,0.0002,0.0001,0.0002,0.0154,0.0003,0.0001,0,0.0002,0.0025,0.7851,0.8983,0.8714,0.8973,0.8877,0.8896,0.8888,0.889,0.8828,0.8701,0.8384,0.8316,0.8475,0.8565,A,ionian,A ionian,FALSE
ずっと真夜中でいいのに。『居眠り遠征隊』 (ZUTOMAYO - Inemuri Enseitai)（Audio Track）.mp3,129.2,0.2223556041717529,2243.710130526422,22.568425793289144,0.095258298,0.5321666428201239,-80.37285614,89.73658752441406,31.903705596923828,-0.841372788,22.278356552124023,28.447166442871094,0.1579,0.0172,23.23,0.027326478,4.05,1.801,-0.05537667,-0.162553145,-0.004617679,0.03032718,-0.000875186,-0.009171639,1.026,FALSE,TRUE,FALSE,FALSE,1.785,1,0.64,3.445,0.3360189497470855,0.316625565,0.026939956,0.0003,0.0007,0,0.0005,0,0,0.0014,0.0002,0.0001,0,0.0001,0.0001,0.0006,0.0004,0.0001,0.0012,0.0001,0.002,0.0006,0.0012,0.0007,0.0003,0.0004,0,0,0.0001,0,0.0001,0.0001,0.0001,0.0067,0.0002,0.0001,0,0.0009,0.0021,0.7304,0.9096,0.8929,0.8884,0.9035,0.9019,0.8941,0.8798,0.9033,0.9021,0.8439,0.8517,0.8761,0.8627,A,ionian,A ionian,FALSE
ずっと真夜中でいいのに。『花一匁』MV (ZUTOMAYO – Hanaichi Monnme).mp3,129.2,0.1336541026830673,2572.030422009874,21.886535931475304,0.130141317,0.602708502,-78.46216583,79.94684600830078,26.062883377075195,-6.566771984,16.851154327392578,23.38866806030273,-0.0678,0.0183,11.05,0.040159445,3.31,1.359,0.057583478,0.1258695590824236,-0.063554809,0.033212563,-0.005142534,0.001125242,1.105,FALSE,TRUE,FALSE,FALSE,2.51,1,0.632,3.6,0.3957276344299316,0.2575013637542724,0.028587848,0.0001,0.0002,0,0.0003,0,0,0.0007,0,0,0,0.0001,0,0.0001,0,0,0.0001,0,0.0012,0.0001,0.0004,0.0004,0.0001,0.0002,0,0,0,0,0,0,0,0.0088,0.0002,0.0001,0,0.0002,0.0011,0.8334,0.8933,0.8841,0.8822,0.8972,0.8905,0.8858,0.8742,0.8816,0.8868,0.8556,0.852,0.8527,0.8364,G,lydian,G lydian,FALSE
ずっと真夜中でいいのに。『暗く黒く』MV（ZUTOMAYO – DARKEN）.mp3,95.7,0.2262938469648361,2494.845051913426,22.25815418477602,0.1193029459986951,0.6275050660716569,-75.51125336,72.13829803466797,31.634117126464844,-8.789629936,20.79121971130371,26.78181266784668,-0.4112,0.0255,37.7,0.064584605,2.97,1.5058,-0.070987233,0.1043262393003736,0.047370717,0.034891878,0.006181948,0.012594736,1.731,FALSE,TRUE,FALSE,FALSE,2.692,1,0.678,3.667,0.4745146930217743,0.2343184947967529,0.023856806,0.0002,0.0009,0.0001,0.0007,0,0,0.0015,0.0001,0.0001,0,0.0001,0,0.0001,0.0001,0,0.0003,0,0.0018,0.0001,0.0009,0.0006,0.0002,0.0003,0,0,0,0,0,0,0.0001,0.0058,0.0001,0.0001,0.0001,0.0001,0.0021,0.8021,0.9014,0.8745,0.8839,0.8995,0.8921,0.8823,0.8754,0.8816,0.8838,0.8483,0.8325,0.8508,0.8501,D,ionian,D ionian,FALSE
ずっと真夜中でいいのに。『蹴っ飛ばした毛布』MV.mp3,78.3,0.2339221388101577,2241.8404333451526,23.343137395108933,0.097977555,0.6833942864141714,-75.03535461,92.10935974121094,34.90462112426758,7.7105889320373535,22.03638268,22.815717697143555,-0.3049,0.0283,17.65,0.017811622,2.91,1.408,0.2014556053915067,-1.34E-05,0.0600588,0.067499604,0.016325543,-0.018734173,1.476,FALSE,TRUE,FALSE,FALSE,2.497,1,0.57,3.409,0.4167144894599914,0.2086593806743621,0.023574393,0.0003,0.0011,0.0001,0.001,0,0,0.0028,0.0001,0.0001,0.0001,0.0002,0,0.0002,0.0001,0.0001,0.0001,0,0.0028,0.0001,0.0014,0.0009,0.0003,0.0005,0,0,0,0,0,0,0,0.0081,0.0001,0.0001,0,0.0005,0.0031,0.7616,0.9014,0.8772,0.8986,0.8868,0.898,0.8871,0.891,0.8863,0.8712,0.8436,0.828,0.8532,0.8524,A#,ionian,A# ionian,FALSE
ずっと真夜中でいいのに。『勘ぐれい』MV（ZUTOMAYO – Hunch Gray）.mp3,123.05,0.3039920032024383,2045.2690359189023,21.93256209917164,0.068289115,0.7131744626643994,-74.91254425,87.40598297,30.56690025,15.640592575073242,18.08868980407715,36.104225158691406,-0.6482,0.014,18.17,0.02086056,3.3,1.4884,-0.088818017,-0.040598315,0.012666658,-0.035801982,0.000921814,-0.000626092,1.375,FALSE,TRUE,FALSE,FALSE,2.834,1,0.558,3.826,0.5654498338699341,0.1864112913608551,0.03277792,0.0001,0.0004,0,0.0011,0,0,0.0011,0,0,0,0.0001,0,0.0001,0,0,0,0,0.0067,0.0001,0.0042,0.0034,0.003,0.0029,0,0,0,0,0,0,0,0.0063,0.0001,0,0.0001,0.0001,0.0062,0.8301,0.8841,0.8654,0.8744,0.8865,0.879,0.8762,0.867,0.8767,0.8687,0.8223,0.8211,0.8557,0.8503,A,lydian,A lydian,FALSE
"ZUTOMAYO(계속 한밤중이면 좋을텐데) - Kimigaite Mizuninaru(君がいて水になる, 당신이 있어 헛된 것이 돼) ⧸ 한글자막(KOREAN lyrics).mp3",73.83,0.280177355,1952.619984225976,23.823881393564594,0.080774251,0.8420648615742962,-72.35747528,99.87142944335938,37.56969833374024,3.699200391769409,22.54189682006836,31.81443977355957,0.2774,0.0432,16.71,0.03265553,2.93,1.3375,-0.240734747,0.1310214624570947,-0.050780331,0.2024376431664808,-0.028590926,0.009686065,0.991,FALSE,TRUE,FALSE,FALSE,2.122,0.958,0.603,3.272,0.5027564764022827,0.2299091964960098,0.027106537,0.0003,0.0007,0,0.0007,0,0,0.0019,0.0001,0.0001,0,0.0001,0,0.0001,0.0001,0,0.0001,0,0.0061,0.0001,0.0028,0.0029,0.0011,0.0018,0,0,0,0,0,0,0,0.0087,0.0001,0.0001,0,0.0002,0.006,0.7501,0.9007,0.8724,0.8925,0.9057,0.8924,0.8965,0.882,0.8959,0.8755,0.837,0.8305,0.8639,0.8748,G#,lydian,G# lydian,FALSE
ずっと真夜中でいいのに。『虚仮にしてくれ』 (ZUTOMAYO - KOKE)（Audio Track）.mp3,99.38,0.258810431,1668.7015294081443,22.49791878155752,0.071501692,0.7754057783639111,-70.61938477,119.25446319580078,28.64795684814453,-2.764054298,22.92315101623535,30.84200668334961,0.1057,0.0283,15.58,0.01543169,3.32,1.3051,0.1376802680148716,0.1152850405518129,0.012446206,0.094193028,-0.00968489,-0.022698229,1.152,FALSE,TRUE,FALSE,FALSE,2.091,1,0.668,3.862,0.4545113742351532,0.2479637712240219,0.033831839,0.0002,0.0004,0,0.0006,0,0.0001,0.0012,0.0003,0.0001,0.0002,0.0004,0.0001,0.0002,0.0001,0.0001,0.0002,0,0.0009,0.0001,0.0005,0.0002,0.0001,0.0002,0,0.0004,0.0007,0.0006,0,0.001,0.0002,0.0127,0.0002,0.0001,0.0001,0.0017,0.0009,0.7832,0.8702,0.8593,0.8807,0.8682,0.8646,0.8733,0.8687,0.8789,0.8647,0.8119,0.8098,0.8451,0.8338,E,phrygian,E phrygian,FALSE
ずっと真夜中でいいのに。『こんなこと騒動』MV.mp3,172.27,0.2665288150310516,2317.4734414060017,22.585225817631308,0.095666569,0.6354780333467754,-69.25526428,84.47415924072266,31.31403923034668,6.457697868347168,21.263715744018555,27.34674835205078,-0.4704,0.0121,22.36,0.027403591,3.54,1.4995,-0.035506249,0.029143859,0.002235444,0.021424686,0.003834702,0.00317696,0.939,FALSE,TRUE,FALSE,FALSE,2.522,0.958,0.64,3.14,0.305690199,0.3061827719211578,0.021061271,0.0003,0.0007,0.0014,0.0008,0,0,0.0019,0.0001,0.0001,0,0.0001,0.0001,0.0003,0.0002,0.0001,0.0001,0,0.005,0.0001,0.0024,0.0022,0.0003,0.0006,0,0,0,0,0.0001,0.0001,0.0001,0.01,0.0001,0.0001,0,0.0001,0.006,0.7503,0.92,0.8927,0.9133,0.9097,0.9149,0.905,0.9022,0.897,0.8886,0.8571,0.8392,0.8594,0.8749,A#,ionian,A# ionian,FALSE
ずっと真夜中でいいのに。『またね幻』 (ZUTOMAYO - Matane Maboroshi)（Audio Track）.mp3,95.7,0.2449782937765121,2357.021650760108,22.936509893726168,0.1008339830655588,0.685267059,-66.38768768,85.12150573730469,28.95189857,4.913767814636231,25.877809524536133,24.316450119018555,0.447,0.0275,23.46,0.026873561,3.27,1.3489,0.001097442,0.1590312406543436,0.020719011,-0.044241005,0.010261571,0.009958182,1.228,FALSE,TRUE,FALSE,FALSE,2.776,1,0.643,3.843,0.5301329493522644,0.1877505332231521,0.030894345,0.0003,0.0015,0,0.0009,0,0,0.0025,0.0002,0.0001,0.0001,0.0003,0.0001,0.0001,0,0,0.0001,0,0.0059,0.0001,0.003,0.0023,0.0007,0.0011,0,0,0,0,0,0.0001,0.0001,0.0088,0.0001,0.0001,0.0001,0.0002,0.007,0.7654,0.8877,0.8702,0.8795,0.8886,0.8858,0.8805,0.8753,0.8728,0.8717,0.8321,0.8195,0.8433,0.8393,C#,lydian,C# lydian,FALSE
ずっと真夜中でいいのに。『繰り返す収穫』 (ZUTOMAYO - Crop)（Audio Track）.mp3,99.38,0.2172323614358902,2632.339141499955,22.46101332040403,0.1126486642020089,0.7260878233867073,-64.96556854,70.18258666992188,30.502620697021484,7.950688839,18.932178497314453,33.268497467041016,-0.6521,0.0168,18.11,0.039911538,2.74,1.3367,-0.013975861,-0.132681234,0.056344113,-0.006779254,-0.000886933,0.002805027,1.217,FALSE,TRUE,FALSE,FALSE,2.181,1,0.692,4.05,0.2788593173027038,0.3837574124336242,0.033014033,0.0001,0.0002,0,0.0003,0,0,0.0007,0.0001,0,0,0.0001,0,0.0001,0.0001,0,0.0001,0.0001,0.001,0,0.0004,0.0004,0.0002,0.0002,0,0,0,0,0,0.0001,0,0.0163,0.0002,0.0001,0,0,0.0011,0.7921,0.8907,0.8713,0.8765,0.8876,0.8814,0.8741,0.8692,0.8679,0.8673,0.8403,0.8227,0.8448,0.8364,D,ionian,D ionian,FALSE
Robber And Bouquet.mp3,107.67,0.2266656011343002,2302.358169896434,22.131645302261383,0.093469255,0.5826180595026694,-64.89237213,89.08571625,26.480165481567383,-0.312119752,18.28141021728516,30.59313393,0.167,0.023,16.84,0.019682813,4.18,1.6723,0.03108827,0.117444909,-0.047471585,0.035275059,-0.004951608,-0.010507261,1.012,FALSE,TRUE,FALSE,FALSE,1.919,1,0.696,2.964,0.4044425189495086,0.2834139466285705,0.027058247,0.0004,0.0009,0.0002,0.0007,0,0,0.0022,0.0001,0.0001,0,0.0002,0.0001,0.0002,0.0001,0.0001,0.0001,0.0001,0.0026,0,0.001,0.0007,0.0003,0.0004,0,0,0,0,0.0001,0,0.0001,0.0116,0.0001,0.0001,0,0.0001,0.0028,0.7498,0.9264,0.8934,0.8975,0.9233,0.9147,0.895,0.8818,0.8986,0.8963,0.8645,0.8554,0.8701,0.8801,E,ionian,E ionian,FALSE
Konnakoto Soudou.mp3,172.27,0.2704998254776001,2409.8278698295853,22.648362446654524,0.1002111533805246,0.6334919002721704,-63.03642654,82.64833832,30.694976806640625,7.435728549957275,21.344614028930664,27.146106719970703,-0.6011,0.0125,21.29,0.022332797,3.71,1.5168,-0.036009658,0.029490755,0.001751768,0.021393662,0.00350227,0.003043777,0.95,FALSE,TRUE,FALSE,FALSE,2.074,1,0.713,3.196,0.266881526,0.4457037448883056,0.018018303,0.0003,0.001,0,0.0006,0,0,0.0021,0.0002,0.0001,0,0.0002,0.0001,0.0001,0.0001,0,0.0001,0,0.0017,0,0.0007,0.0005,0.0002,0.0004,0,0,0,0,0,0.0001,0.0001,0.0137,0.0003,0.0006,0.0001,0.0001,0.0017,0.8001,0.911,0.8681,0.8982,0.8958,0.8981,0.886,0.8854,0.8908,0.881,0.8281,0.8382,0.8725,0.8764,E,ionian,E ionian,FALSE
The White Lounge (Live).mp3,143.55,0.2434422522783279,2618.2787463894715,22.43271761061996,0.1458915499055415,0.7551145703612338,-59.51266479,84.23197937011719,37.26925277709961,-8.683125496,19.103946685791016,15.348891258239746,-0.4765,0.0152,61.04,0.041448571,1.45,1.1338,0.071593303,-0.11187556,-0.029505666,0.003397243,0.001292438,0.016728442,0.966,FALSE,FALSE,FALSE,TRUE,2.575,1,0.626,4.003,0.4480942189693451,0.2179498970508575,0.020555818,0.0007,0.0011,0.0002,0.0006,0.0001,0.0001,0.0031,0.0001,0,0,0.0001,0.0001,0.0003,0.0002,0,0.0007,0,0.0035,0.002,0.003,0.0018,0.0009,0.0012,0,0,0,0,0,0.0001,0.0001,0.0114,0.0001,0.0001,0,0.0002,0.0049,0.7904,0.8745,0.8694,0.8708,0.8779,0.8723,0.8736,0.8679,0.87,0.8643,0.8272,0.8278,0.8432,0.8218,D,lydian,D lydian,FALSE
ずっと真夜中でいいのに。『眩しいDNAだけ』MV.mp3,107.67,0.2771155834197998,2275.817428,21.73216633093429,0.100210528,0.6871480871619127,-57.21531296,84.84993743896484,36.38518524169922,1.6280319690704346,20.633731842041016,21.728656768798828,-0.5853,0.017,71.8,0.069346614,2.91,1.4119,0.092004624,-0.019915448,0.03532524,-0.012135,0.005327304,-0.009540324,1.736,FALSE,TRUE,FALSE,FALSE,2.092,1,0.565,4.027,0.517931342,0.2228877246379852,0.020027453,0.0002,0.0002,0.0001,0.0004,0,0,0.0009,0.0001,0.0001,0,0.0002,0.0001,0.005,0.0059,0.0001,0.0004,0.0005,0.0017,0.0004,0.0009,0.0007,0.0007,0.0008,0,0,0,0,0.0001,0,0.0001,0.0165,0.0003,0.0002,0.0001,0.0002,0.0019,0.7608,0.8938,0.8861,0.8779,0.8789,0.8901,0.8902,0.875,0.8939,0.8899,0.8341,0.8384,0.861,0.8336,A,harmonic_minor,A harmonic_minor,FALSE
ずっと真夜中でいいのに。『機械油』 (ZUTOMAYO - Engine Oil)（Audio Track）.mp3,129.2,0.2366076856851577,2379.2490595635254,20.88183630453974,0.095047196,0.5091900819929217,-54.08757401,86.37866211,33.85770034790039,2.790690898895264,21.81356811523437,13.60821533203125,-0.4594,0.0192,12.35,0.046194036,3.51,1.7888,-0.015010568,0.060327964,0.040411073,0.006163238,0.015846546,-0.000183293,1.239,FALSE,TRUE,FALSE,FALSE,2.562,1,0.655,3.584,0.5373712778091431,0.2426097095012664,0.021441018,0.0001,0.0002,0,0.0004,0,0,0.0008,0.0001,0,0,0.0001,0,0.0001,0.0001,0,0,0,0.0015,0,0.0006,0.0005,0.0002,0.0003,0,0,0,0,0,0,0,0.0096,0.0009,0.0001,0,0.0001,0.0014,0.8162,0.9065,0.8778,0.89,0.9033,0.907,0.8874,0.8887,0.8926,0.8907,0.8432,0.8364,0.8633,0.8589,D,mixolydian,D mixolydian,FALSE
ずっと真夜中でいいのに。『マイノリティ脈絡』 (ZUTOMAYO - Minority Myakuraku)（Audio Track）.mp3,161.5,0.2611358761787414,2521.6110832338704,22.46306821,0.1115765706569025,0.5979065015270207,-52.97314453,73.78535461425781,30.516748428344727,-0.889293313,24.126781463623047,27.25438499450684,0.447,0.0095,17.64,0.03652079,2.77,1.5773,-0.056896667,0.0621615,-0.008223846,0.073309175,-0.005913905,0.000887305,1.284,FALSE,TRUE,FALSE,FALSE,2.896,1,0.6,4.237,0.7078613638877869,0.1245527192950248,0.015794758,0.0005,0.002,0.0002,0.0025,0,0,0.0035,0.0023,0.0017,0.0007,0.0014,0.0002,0.0007,0.0005,0.0001,0.0002,0.0001,0.005,0.0002,0.0025,0.0019,0.0011,0.0016,0,0.0001,0.0001,0.0001,0,0.0001,0,0.0104,0.0008,0.0016,0.0001,0.0003,0.0053,0.6868,0.8684,0.867,0.8711,0.8613,0.8662,0.8731,0.8662,0.8733,0.8672,0.8285,0.8264,0.8617,0.8157,D#,harmonic_minor,D# harmonic_minor,FALSE
ずっと真夜中でいいのに。『正しくなれない』MV（ZUTOMAYO – Can’t Be Right）.mp3,117.45,0.2717810273170471,2286.964575931899,22.96912932818644,0.095437735,0.786826183,-50.90080261,86.93732452392578,32.01919937133789,-3.458695889,18.50479888916016,24.86702537536621,-0.3309,0.0225,18.72,0.025069304,2.79,1.2753,0.063558621,0.1254506454617204,-0.042399291,-0.006347007,0.010518504,-0.004767221,1.035,FALSE,TRUE,FALSE,FALSE,1.255,0.708,0.586,3.25,0.20503293,0.5122066736221313,2.597304501250619e-06,0.0001,0,0,0,0,0,0.0002,0.0003,0.0004,0.0002,0.0006,0.0004,0.1533,0.077,0.0005,0.001,0.0016,0.0001,0,0,0,0,0,0,0,0,0,0.0001,0.0001,0.0001,0.0003,0,0.0001,0.0001,0,0.0002,0.5312,0.9126,0.9113,0.8587,0.8797,0.9189,0.8922,0.8427,0.8722,0.8913,0.8679,0.8956,0.8751,0.8023,A,mixolydian,A mixolydian,FALSE
ずっと真夜中でいいのに。『正義』MV.mp3,123.05,0.2631920874118805,2597.020820360871,22.053384757230184,0.1235986372687297,0.6841163975346141,-50.09906387,71.40204620361328,31.363279342651367,1.459918737411499,17.816238403320312,25.652666091918945,0.4149,0.0197,59.36,0.06847018,3.15,1.2856,0.071403028,-0.111239319,-0.060385025,-0.008986685,0.014767549,-0.010642504,1.078,FALSE,TRUE,FALSE,FALSE,0.991,0.75,0.449,3.438,0.7570316791534424,0.019320251,0.001176544,0.0616,0.0019,0.0002,0.0024,0,0.0001,0.0893,0.0001,0.0003,0.0003,0.0021,0.0006,0.0012,0.0003,0,0,0.0001,0,0,0,0,0,0,0,0,0,0,0,0,0,0.0002,0,0,0,0,0,0.5379,0.8373,0.8224,0.8226,0.8395,0.8291,0.8045,0.8268,0.8351,0.853,0.8086,0.8312,0.83,0.8074,F,melodic_minor,F melodic_minor,FALSE
This Planet Feels Fake.mp3,152,0.2586424648761749,2273.994592689051,22.254464341873334,0.09759941,0.7428855915403951,-49.53363419,93.68869018554688,26.75922966003418,0.6195757985115051,16.56624984741211,16.98400879,-0.8306,0.0127,28.7,0.029946122,3.93,1.3415,0.063060404,-0.165123439,-0.014889406,0.097074734,0.015523075,-0.021853634,1.366,FALSE,TRUE,FALSE,FALSE,1.078,0.667,0.542,3.073,0.2972698211669922,0.5098036527633667,1.7449352526455186e-05,0.0001,0,0,0.0001,0,0,0.0003,0.0007,0.0007,0.0006,0.0009,0.0005,0.1286,0.0503,0.0017,0.0008,0.0012,0.0002,0,0.0001,0,0,0,0,0.0001,0.0001,0.0002,0.0001,0.0005,0.0002,0.0004,0.0001,0.0002,0.0002,0,0.0003,0.4695,0.949,0.9098,0.9113,0.9272,0.9339,0.9134,0.8573,0.9285,0.9249,0.8793,0.8781,0.9028,0.8762,C#,ionian,C# ionian,FALSE
Superficial Me.mp3,172.27,0.2722470760345459,2038.1224635713472,22.61020379246873,0.095054905,0.7153343169078568,-49.16320419,104.13029479980467,32.41968918,-7.649468899,18.67033195495605,32.597049713134766,0.4508,0.0119,14.54,0.022614272,1.91,1.3015,0.1054748333923045,0.076974805,-0.007449146,0.1062409090498006,0.006090633,0.002355371,1.075,FALSE,TRUE,FALSE,FALSE,0.922,0.667,0.703,2.049,0.3219939172267914,0.417361856,4.967482163920067e-05,0.005,0.0006,0.0005,0.0006,0.0002,0.0007,0.0136,0.0006,0.0006,0.0006,0.0011,0.0051,0.0194,0.0052,0.0005,0.0012,0.0008,0.0003,0,0.0001,0.0001,0,0.0001,0.0001,0.0001,0,0,0.0005,0.0001,0.0001,0.0003,0.0001,0.0001,0.0001,0,0.0007,0.4036,0.891,0.8132,0.846,0.8752,0.8638,0.8173,0.8016,0.8445,0.8404,0.8419,0.8132,0.838,0.8681,G,ionian,G ionian,FALSE
ずっと真夜中でいいのに。『嘘じゃない』MV (ZUTOMAYO – Truth In Lies).mp3,152,0.2747030556201935,2228.2020187265625,21.55634231720176,0.099908091,0.6764943434904301,-48.58887482,87.36997223,37.27573776245117,4.432844638824463,16.84454917907715,18.08966827392578,-0.7103,0.0163,78.75,0.086852089,2.92,1.2466,0.1008283011040631,-0.116904883,-0.04842365,-0.043150705,-0.003616903,0.009529236,0.965,FALSE,TRUE,FALSE,FALSE,1.261,0.625,0.583,2.824,0.3697829842567444,0.1877830922603607,0.004325851,0.0019,0.0002,0.0004,0.0002,0,0,0.0022,0.0004,0.0003,0.0003,0.0005,0.0012,0.1055,0.0825,0.0002,0.0018,0.002,0.0013,0.0007,0.0012,0.0007,0.0002,0.0002,0,0.0001,0.0001,0,0.0002,0.0001,0.0001,0.0008,0.0001,0.0002,0.0001,0.0002,0.0029,0.5404,0.9491,0.9109,0.9485,0.9174,0.9568,0.9384,0.9368,0.915,0.8898,0.9216,0.8895,0.878,0.8955,A,mixolydian,A mixolydian,FALSE
ずっと真夜中でいいのに。『JK BOMBER』 (ZUTOMAYO - JK BOMBER)（Audio Track）.mp3,123.05,0.2667413353919983,2217.996811722692,22.536898596809536,0.097049839,0.7185825688969318,-48.58377075,92.18795013427734,38.08793640136719,-6.104578018,21.458038330078125,29.19219398498535,-0.181,0.0265,13.78,0.024652461,4.15,1.485,-0.051402015,-0.03250497,0.050411878,0.058748647,-0.001752338,0.009419629,1.067,FALSE,TRUE,FALSE,FALSE,1.235,0.875,0.465,3.105,0.2451221942901611,0.026833318,0.002551219,0.0352,0.0014,0.001,0.0015,0.0006,0.0027,0.0309,0.0005,0.0008,0.0009,0.0028,0.016,0.0023,0.0012,0.0003,0.0016,0.0007,0.0006,0.001,0.0004,0.0002,0.0001,0.0001,0.0001,0.0001,0.0001,0.0001,0.0003,0.0003,0.0002,0.0014,0.0001,0,0.0001,0.0009,0.0013,0.4788,0.8857,0.879,0.8945,0.8809,0.8842,0.8964,0.8867,0.8934,0.876,0.8333,0.8321,0.8662,0.8486,F,aeolian,F aeolian,FALSE
ずっと真夜中でいいのに。『夜中のキスミ』 (ZUTOMAYO - Kisumi at Midnight)（Audio Track）.mp3,129.2,0.2749230563640594,2286.7419000786963,23.015725522967937,0.093981833,0.6746989191026452,-48.49848175,87.48764801,28.629993438720703,5.778432369232178,18.930463790893555,27.00471305847168,0.3667,0.0162,15.16,0.026892709,3.21,1.3987,0.076808049,-0.160396065,-0.028876344,-0.020967088,0.00191705,-0.004204128,1.131,FALSE,TRUE,FALSE,FALSE,1.28,0.917,0.389,3.41,0.4479238986968994,0.2288030683994293,0.002464872,0.0003,0.0001,0.0001,0.0002,0,0,0.0006,0.0007,0.0005,0.0004,0.0006,0.0006,0.0776,0.0484,0.0003,0.0023,0.0008,0.0001,0.0003,0.0001,0,0,0,0,0.0003,0.0141,0.0039,0.0001,0.0112,0.0004,0.0013,0.0001,0.0002,0.0002,0.0001,0.0002,0.4291,0.8825,0.8887,0.9194,0.8865,0.8705,0.9216,0.8926,0.9292,0.8964,0.8371,0.843,0.8757,0.9022,C#,harmonic_minor,C# harmonic_minor,FALSE
ずっと真夜中でいいのに。『お勉強しといてよ』MV (ZUTOMAYO – STUDY ME).mp3,129.2,0.2934547364711761,2241.709060189816,22.21844790053038,0.089420089,0.710229555,-44.42679977,83.22752380371094,31.233652114868164,4.982645511627197,19.40365028381348,28.69902801513672,-0.1936,0.0133,18.51,0.06016013,3,1.3893,-0.046751644,0.1113048658233828,0.075345521,0.062230444,-0.001590467,0.003686863,0.9,FALSE,TRUE,FALSE,FALSE,1.587,1,0.642,2.97,0.5043714046478271,0.171514943,0.004830897,0.0108,0.0015,0.0015,0.0018,0,0.0001,0.011,0.0002,0.0002,0.0002,0.0006,0.0004,0.0009,0.001,0.0001,0.0002,0.0002,0.0023,0,0.0013,0.0016,0.0007,0.0009,0,0.0001,0,0,0.0001,0,0.0001,0.0148,0.0002,0.0012,0.0001,0,0.0031,0.7747,0.9182,0.8818,0.897,0.9319,0.9069,0.8947,0.8813,0.9175,0.9046,0.8562,0.8567,0.8846,0.881,G#,lydian,G# lydian,FALSE
ずっと真夜中でいいのに。『袖のキルト』MV (ZUTOMAYO - QUILT).mp3,117.45,0.2918547391891479,2231.7687573409808,22.84704451903539,0.094318636,0.7271345998663015,-44.31823349,93.41790008544922,31.102821350097656,1.090967059135437,18.31779670715332,23.903579711914062,-0.0867,0.0177,16.48,0.022529902,3.09,1.3957,0.015345789,-0.093437854,-0.016404027,-0.052023763,-0.006427667,0.006269397,1.101,FALSE,TRUE,FALSE,FALSE,2.396,0.958,0.626,3.342,0.5386353135108948,0.1205350160598754,0.014748248,0.0024,0.0006,0.0005,0.0006,0.0001,0.0002,0.003,0.0003,0.0002,0.0002,0.0004,0.0005,0.0192,0.0124,0.0003,0.0014,0.0017,0.0009,0.0004,0.0005,0.0002,0.0002,0.0002,0,0.0001,0.0001,0.0001,0.0001,0.0001,0.0002,0.0068,0.0004,0.0006,0.0001,0.0001,0.0009,0.7374,0.9282,0.9032,0.8785,0.9266,0.9211,0.889,0.8741,0.896,0.9023,0.8936,0.8846,0.8794,0.8576,E,ionian,E ionian,FALSE
ずっと真夜中でいいのに。『違う曲にしようよ』 (ZUTOMAYO - Flow Different)（Audio Track）.mp3,117.45,0.3300711512565613,2192.515125898601,22.278333914758623,0.089027781,0.6995791698060422,-44.30849075,93.37886047,33.06462860107422,10.684450149536133,22.77832794189453,23.363439559936523,0.1057,0.0159,17.15,0.027044648,3.88,1.4824,0.04881158,0.1201414865806108,-0.077692742,0.030453417,-0.009555936,0.007653196,0.857,FALSE,TRUE,FALSE,FALSE,1.683,0.958,0.783,2.46,0.4224544763565063,0.2319965362548828,0.002835963,0.0021,0.0016,0.0018,0.0016,0.0002,0.0002,0.007,0.0002,0.0002,0.0003,0.0007,0.0004,0.0088,0.005,0.0002,0.0004,0.0005,0.0082,0.0001,0.0041,0.0032,0.0014,0.0017,0,0.0002,0,0.0001,0.0001,0.0001,0.0001,0.014,0.0002,0.0013,0.0001,0,0.0062,0.7647,0.9292,0.8949,0.8849,0.9394,0.9218,0.8973,0.8702,0.9123,0.9023,0.8767,0.8625,0.8803,0.8876,D,lydian,D lydian,FALSE
KUZURI.mp3,123.05,0.246931255,2384.200060840428,22.37237040618037,0.1112919167858199,0.6773191061958865,-40.11415482,88.50350952148438,29.94233131408692,4.024591445922852,16.855979919433594,27.237075805664062,-0.5845,0.0173,14.15,0.033859629,3.17,1.3084,0.1634862480512807,-0.066209354,0.020992311,-0.118954153,-0.003192801,-0.013588969,1.029,FALSE,TRUE,FALSE,FALSE,2.578,1,0.549,3.751,0.5086837410926819,0.1669650971889495,0.009718535,0.0023,0.0009,0.0002,0.004,0,0.0001,0.0059,0.0018,0.0002,0.0002,0.0007,0.0003,0.0004,0.0003,0,0.0003,0.0001,0.0015,0.0009,0.0006,0.0003,0.0002,0.0002,0,0.0001,0,0,0.0001,0.0001,0.0001,0.0148,0.0003,0.0005,0.0002,0.0001,0.0016,0.7749,0.894,0.875,0.8763,0.89,0.8879,0.8837,0.8613,0.8909,0.8819,0.8472,0.8308,0.8615,0.8494,F,ionian,F ionian,FALSE
ずっと真夜中でいいのに。『ばかじゃないのに』MV (ZUTOMAYO - Stay Foolish).mp3,152,0.2662957012653351,2437.467390652045,22.013095295520408,0.108390243,0.6733199568710748,-38.20754242,80.2582016,28.45808982849121,1.264422059059143,20.42778778076172,33.83787918,-0.0656,0.0096,13.86,0.037919249,4.04,1.4999,0.1003060039969998,0.054389789,-0.028062333,0.069678954,-0.002693171,-0.00402484,0.997,FALSE,TRUE,FALSE,FALSE,2.03,1,0.618,3.7,0.4749274551868438,0.1969691067934036,0.010113277,0.0028,0.0004,0.0003,0.0006,0,0.0001,0.0034,0.0001,0.0001,0.0001,0.0002,0.0003,0.0003,0.0002,0,0.0001,0.0001,0.0119,0.0002,0.0096,0.0179,0.0017,0.0016,0,0,0,0,0,0,0.0001,0.0144,0.0002,0.0012,0.0001,0.0001,0.0165,0.7491,0.9049,0.8731,0.8927,0.8894,0.8931,0.8828,0.8824,0.8802,0.8783,0.8501,0.8305,0.8582,0.8529,D,ionian,D ionian,FALSE
Zenmai.mp3,117.45,0.2972009181976318,2160.559626422894,23.13253902064981,0.08857183,0.8151014059404631,-37.46211624,89.94666290283203,29.60395050048828,7.555264949798584,18.87851333618164,39.08267211914063,-0.2175,0.0136,10.69,0.018105788,2.34,1.1443,0.1013937944044077,0.022820735,0.027483514,-0.105799732,-0.004931043,0.010247017,0.874,FALSE,TRUE,FALSE,FALSE,2.349,1,0.647,3.274,0.4800664782524109,0.2505025863647461,0.011578728,0.0043,0.0007,0.0003,0.0008,0,0.0002,0.0054,0.0001,0.0001,0.0001,0.0003,0.0003,0.0006,0.0003,0,0.0001,0.0001,0.0309,0.0003,0.0215,0.018,0.0061,0.0089,0,0.0001,0,0,0.0001,0.0001,0.0001,0.0143,0.0001,0.0003,0.0001,0,0.0265,0.6815,0.9114,0.8949,0.8824,0.9132,0.9086,0.8858,0.8718,0.892,0.8977,0.8668,0.8567,0.8688,0.862,F,lydian,F lydian,FALSE
ずっと真夜中でいいのに。『はゔぁ』 (ZUTOMAYO - Have A)（Audio Track）.mp3,152,0.2705163657665252,2358.491506086467,21.81768380910888,0.1036559482118221,0.7376763000899088,-37.01146698,82.57328033447266,26.65194320678711,-5.321129799,22.53265380859375,31.14153480529785,-0.2909,0.0172,20.14,0.030520817,2.12,1.2905,-0.072165995,0.015675148,-0.042218805,0.077098804,0.022293077,-0.002657195,1.04,FALSE,TRUE,FALSE,FALSE,2.957,1,0.597,3.951,0.5672211050987244,0.064292893,0.002506681,0.0013,0.0009,0.0001,0.0019,0.0001,0.0001,0.0048,0.0004,0.0001,0.0002,0.0004,0.0003,0.0019,0.001,0.0001,0.0011,0.0001,0.0066,0.0006,0.0038,0.002,0.0005,0.0006,0.0008,0.0019,0.0128,0.0017,0.0002,0.0084,0.0009,0.0071,0.0001,0.0002,0.0001,0,0.0203,0.7129,0.8811,0.8827,0.8724,0.8834,0.8848,0.8727,0.8765,0.874,0.879,0.8357,0.8328,0.8642,0.8156,G#,mixolydian,G# mixolydian,FALSE
ずっと真夜中でいいのに。『MILABO』MV (ZUTOMAYO – MILABO).mp3,129.2,0.2671753764152527,2337.571111637257,22.983021485049413,0.1100275596100627,0.564203272,-36.14944839,88.52907562,30.85585021972656,-11.10422993,19.392486572265625,24.499059677124023,-0.6627,0.0142,13.79,0.022472454,3.54,1.5986,-0.147086496,-0.068193823,-0.000216554,-0.090727131,0.012610522,-0.001405991,1.167,FALSE,TRUE,FALSE,FALSE,2.626,1,0.547,3.873,0.541751504,0.090739682,0.004936147,0.0006,0.0008,0.0002,0.0018,0,0,0.0026,0.0003,0.0002,0.0002,0.0005,0.0002,0.0004,0.0002,0,0.0003,0,0.0158,0.0009,0.0129,0.0071,0.0018,0.0023,0,0.0026,0.0039,0.0008,0.0001,0.0045,0.0011,0.0063,0.0001,0.0002,0,0.0001,0.0161,0.7625,0.8794,0.87,0.8865,0.8695,0.8757,0.8786,0.8709,0.8775,0.869,0.8331,0.8397,0.8589,0.832,C,phrygian,C phrygian,FALSE
Stay Foolish.mp3,152,0.2690734565258026,2489.304353086486,22.122193584330503,0.1116407947754436,0.6723380708018056,-33.5496521,80.72541809082031,27.57009696960449,1.3237183094024658,20.525264739990234,34.070987701416016,0.0538,0.0095,12.83,0.027624562,3.63,1.512,0.1025941219251184,0.054220461,-0.026554337,0.06881261,-0.003365562,-0.00449533,1.029,FALSE,TRUE,FALSE,FALSE,2.692,1,0.571,3.833,0.5115540027618408,0.1498937606811523,0.008070537,0.0017,0.0015,0.0018,0.0025,0,0.0002,0.006,0.0002,0.0001,0.0002,0.0004,0.0003,0.001,0.0008,0.0003,0.0004,0,0.0053,0.0005,0.0034,0.0018,0.0005,0.0007,0,0.0009,0.0003,0.0001,0,0.0005,0.0002,0.0056,0.0001,0.0001,0,0.0003,0.0056,0.7972,0.894,0.8741,0.8863,0.8894,0.8944,0.8858,0.8713,0.8818,0.8709,0.8498,0.8347,0.8538,0.851,G#,mixolydian,G# mixolydian,FALSE
ずっと真夜中でいいのに。『ハゼ馳せる果てるまで』MV.mp3,136,0.2985230982303619,2467.248574593074,22.38973531229769,0.1102083708414006,0.6279776832534532,-31.64998055,79.08552551269531,28.804851531982425,2.9575884342193604,18.31075859069824,28.31141662597656,-0.5368,0.0187,17.45,0.0348428,3.3,1.422,-0.013062284,0.1026347595864186,0.019734415,-0.08306578,0.008849739,-0.006626515,0.985,FALSE,TRUE,FALSE,FALSE,1.88,0.958,0.719,3.636,0.4072648584842682,0.2816474437713623,0.011680509,0.0039,0.002,0.0005,0.0011,0.0001,0.0001,0.0078,0.0003,0.0002,0.0001,0.0005,0.0005,0.0007,0.0003,0.0001,0.0001,0.0002,0.0039,0.0001,0.0016,0.0011,0.0006,0.001,0,0.0001,0,0,0.0002,0.0001,0.0002,0.027,0.0003,0.0011,0.0003,0,0.0026,0.7027,0.9167,0.8991,0.9083,0.9171,0.9115,0.9087,0.885,0.8969,0.8927,0.8715,0.8654,0.869,0.8651,E,lydian,E lydian,FALSE
ずっと真夜中でいいのに。『あいつら全員同窓会』MV (ZUTOMAYO - Inside Joke).mp3,129.2,0.2594840824604034,2596.424467943403,22.54640574802112,0.1294881444068471,0.6826858944716055,-28.89268684,75.65056610107422,28.914684295654297,-4.013165951,17.358686447143555,30.23319435119629,-0.4769,0.014,13.6,0.035507727,3.49,1.4282,0.036187854,0.104719672,-0.002976738,-0.05595253,0.002743439,-0.007114487,1.116,FALSE,TRUE,FALSE,FALSE,2.355,1,0.648,3.454,0.448969305,0.1967382133007049,0.006558065,0.0009,0.0009,0.0003,0.0012,0.0001,0.0001,0.0041,0.0001,0.0001,0.0001,0.0002,0.0001,0.0021,0.0016,0.0001,0.0003,0.0003,0.0014,0.0001,0.0005,0.0003,0.0001,0.0002,0,0,0,0,0,0,0,0.0096,0.0002,0.0004,0.0001,0,0.0011,0.8035,0.9254,0.8836,0.9159,0.9149,0.9208,0.9076,0.8993,0.9017,0.8919,0.8633,0.8382,0.8517,0.8877,A,ionian,A ionian,FALSE
ずっと真夜中でいいのに。『秒針を噛む』MV (ZUTOMAYO – Byoushinwo Kamu).mp3,129.2,0.2813975811004638,2453.916877794296,21.70397311598264,0.1074964631069721,0.7428786177620116,-28.76181221,74.03678894042969,31.00115776062012,-4.217651844,17.247827529907227,24.075151443481445,-0.5114,0.0098,78.63,0.084818996,3.67,1.2291,-0.006880289,-0.094600596,0.010165461,0.08046661,-0.00156244,0.005349054,0.898,FALSE,TRUE,FALSE,FALSE,1.789,1,0.686,3.131,0.4322198629379272,0.1984992176294326,0.00693138,0.0018,0.0045,0.0008,0.0018,0,0,0.009,0.0002,0.0002,0.0001,0.0004,0.0002,0.0004,0.0002,0,0.0001,0.0001,0.003,0.0001,0.0015,0.0009,0.0004,0.0005,0,0.0001,0,0.0001,0.0001,0.0001,0.0001,0.0128,0.0001,0.0007,0.0001,0,0.0029,0.7301,0.9279,0.8911,0.8852,0.9312,0.925,0.8941,0.8894,0.9147,0.9117,0.8659,0.8611,0.8843,0.873,C#,lydian,C# lydian,FALSE
Haze Haseru Haterumade.mp3,136,0.3020408153533935,2492.681472388805,22.42245067411984,0.1113132991151912,0.628473542,-28.7233963,79.26097106933594,28.299877166748047,3.054333448410034,18.302919387817383,28.402523040771484,-0.4722,0.0195,16.66,0.032130085,3.62,1.4242,-0.013713465,0.1019066048306591,0.018958668,-0.083710353,0.008655662,-0.006362203,0.99,FALSE,TRUE,FALSE,FALSE,2.297,1,0.686,3.448,0.4543309509754181,0.2209434509277343,0.013288787,0.0019,0.0016,0.0003,0.001,0,0.0001,0.0043,0.0001,0.0001,0.0001,0.0002,0.0002,0.0002,0.0001,0,0.0001,0.0001,0.0018,0.0001,0.0007,0.0005,0.0003,0.0003,0,0,0,0,0.0001,0.0001,0.0001,0.0095,0.0002,0.0007,0.0001,0,0.0017,0.7924,0.9199,0.8922,0.893,0.9186,0.9042,0.8943,0.8804,0.9101,0.9079,0.8627,0.843,0.8734,0.8707,F,ionian,F ionian,FALSE
ずっと真夜中でいいのに。『脳裏上のクラッカー』MV.mp3,129.2,0.3036918044090271,2389.0549181510987,22.67161709669772,0.1089481388363931,0.7431542075040102,-27.48417664,84.32725524902344,27.80134010314941,-8.613706589,20.28272057,29.899370193481445,-0.0186,0.0132,15.91,0.024149552,3.54,1.4655,-0.032576978,0.07374573,0.0106208,-0.011566953,0.006751717,0.019196541,1.477,FALSE,TRUE,FALSE,FALSE,3.118,1,0.508,4.049,0.5572322010993958,0.1461809128522873,0.011192325,0.0003,0.0001,0,0.0004,0,0.0001,0.001,0.0002,0.0002,0.0004,0.0005,0.0002,0.002,0.0005,0.0001,0.0004,0.0001,0.0075,0.0003,0.0025,0.0014,0.0006,0.0007,0,0.006,0.0052,0.0024,0.0001,0.0081,0.0005,0.0101,0.0001,0.0001,0.0001,0.0001,0.0055,0.757,0.8877,0.8749,0.8715,0.8862,0.8822,0.8709,0.8661,0.88,0.8867,0.843,0.8333,0.8627,0.8309,D#,ionian,D# ionian,FALSE
Usojya Naiyo.mp3,152,0.2832230031490326,2513.145908386962,23.808547269014458,0.1090131515493015,0.7760435115003594,-26.34775734,76.53271484,27.38092422485352,-4.403013229,19.24876976013184,36.84436798095703,-0.8538,0.0141,12.84,0.022034341,1.82,1.2823,0.1499063780080809,-0.050094677,-0.066259463,0.020471539,0.001312557,0.018907415,1.243,FALSE,TRUE,FALSE,FALSE,3.029,1,0.573,3.93,0.5420426726341248,0.1541725546121597,0.012753726,0.0005,0.0005,0.0001,0.0024,0,0.0001,0.0026,0.0002,0.0001,0.0001,0.0003,0.0001,0.0013,0.0005,0.0001,0.0005,0.0001,0.017,0.0004,0.0079,0.0046,0.0024,0.0041,0,0.0003,0.0002,0.0001,0,0.0003,0.0001,0.0086,0.0001,0.0003,0.0001,0,0.0114,0.7646,0.888,0.8851,0.8826,0.8807,0.8898,0.8864,0.8699,0.878,0.8778,0.8448,0.851,0.8717,0.8161,C#,mixolydian,C# mixolydian,FALSE
Kimiwo Shiranai.mp3,103.36,0.2868422865867615,2589.425217653968,22.36350151385552,0.1041355971353434,0.8223872715517693,-25.09548569,74.6200943,30.63894844055176,-1.834180951,14.063434600830078,27.75101661682129,-0.1739,0.0369,15.62,0.040913254,1.98,1.201,-0.106981172,0.093172263,0.073608595,0.039601873,0.008816542,-0.009015329,1.069,FALSE,TRUE,FALSE,FALSE,2.898,1,0.462,4.142,0.5468383431434631,0.1365561634302139,0.012200984,0.002,0.0005,0.0001,0.0028,0.0001,0.0005,0.0058,0.0001,0.0001,0.0002,0.0005,0.0005,0.0006,0.0003,0.0001,0.0002,0.0001,0.0167,0.0003,0.0108,0.0088,0.0032,0.0037,0,0.0001,0,0,0,0.0001,0,0.0123,0.0001,0.0003,0.0001,0.0001,0.0146,0.7252,0.8531,0.8518,0.8656,0.8467,0.8457,0.866,0.857,0.8684,0.8456,0.8,0.8261,0.8637,0.8053,D,harmonic_minor,D harmonic_minor,FALSE
Truth In Lies.mp3,152,0.2842291295528412,2414.947722884445,22.30288872977522,0.1105411939469431,0.6756782389030537,-24.63129044,92.46299743652344,31.540115356445312,4.699764251708984,17.292898178100586,19.15098762512207,-0.7103,0.0151,11.17,0.02611826,3.08,1.3201,0.1079720259419923,-0.122053576,-0.048673724,-0.047076094,-0.003610495,0.009239092,1.191,FALSE,TRUE,FALSE,FALSE,3.131,1,0.659,4.005,0.3961183726787567,0.1436203718185424,0.021444639,0.0006,0.0008,0.0001,0.0038,0,0,0.0028,0.0002,0.0001,0.0001,0.0003,0.0001,0.0003,0.0001,0,0.0001,0,0.07,0.0004,0.0328,0.0241,0.01,0.0155,0,0.0001,0,0,0,0.0001,0,0.005,0.0001,0.0001,0,0,0.0504,0.6297,0.8707,0.8636,0.8611,0.8721,0.8686,0.8624,0.8589,0.8605,0.8652,0.8337,0.8189,0.8427,0.8199,F#,lydian,F# lydian,FALSE
ずっと真夜中でいいのに。『猫リセット』MV (ZUTOMAYO – Neko Reset).mp3,117.45,0.2886847555637359,2560.9795511498173,21.70442901984664,0.1188568573623122,0.6185579389087749,-23.16586304,78.98633575439453,27.25880241394043,3.945274353027344,18.888322830200195,22.46632004,0.447,0.0169,35.16,0.03438494,2.22,1.4214,-0.015597776,0.105996118,0.054067048,-0.044091635,0.003362635,0.003600322,0.976,FALSE,TRUE,FALSE,FALSE,2.471,0.958,0.594,3.34,0.4416743218898773,0.2119373977184295,0.012523969,0.0008,0.0014,0.0001,0.0013,0,0,0.0034,0.0001,0.0001,0,0.0002,0.0001,0.0006,0.0005,0,0.0003,0.0001,0.0135,0.0003,0.0067,0.0053,0.0035,0.0055,0,0.0001,0,0,0.0001,0.0001,0.0001,0.0136,0.0001,0.0003,0.0001,0.0001,0.0126,0.6953,0.9166,0.9072,0.8923,0.9175,0.9139,0.8986,0.8814,0.9013,0.9099,0.8808,0.8727,0.8869,0.8574,F,lydian,F lydian,FALSE
ずっと真夜中でいいのに。『不死身の訓練』 (ZUTOMAYO - Learning How Not to Break)（Audio Track）.mp3,99.38,0.3025494217872619,2376.777884857036,22.09172781170949,0.1022155660499585,0.5799501241806739,-20.52034569,88.21789551,25.778255462646484,-0.232934892,16.425575256347656,22.83400535583496,0.2774,0.0216,11.12,0.021888865,4.84,1.4867,-0.035088953,0.044450239,0.000534071,0.1289264534773125,-0.013284928,0.003129073,0.996,FALSE,TRUE,FALSE,FALSE,2.06,0.958,0.635,3.333,0.4898920655250549,0.1926124691963195,0.014104884,0.001,0.0035,0.0005,0.0016,0.0001,0.0001,0.009,0.0002,0.0001,0.0001,0.0005,0.0002,0.0008,0.0004,0,0.0002,0.0001,0.0267,0.0001,0.0175,0.0119,0.0038,0.0057,0.0001,0,0,0,0.0001,0.0001,0.0001,0.0198,0.0002,0.0007,0.0001,0,0.024,0.6188,0.9084,0.8849,0.8726,0.909,0.903,0.8846,0.8653,0.8969,0.8972,0.8648,0.8578,0.8716,0.8522,F#,lydian,F# lydian,FALSE
ずっと真夜中でいいのに。『消えてしまいそうです』MV  (ZUTOMAYO - Blush).mp3,107.67,0.2885127365589142,2355.226943829565,21.91723218,0.1131345801307536,0.6742066611922917,-20.00881004,86.32094574,30.101133346557617,-10.70069313,19.469951629638672,21.01212501525879,-0.4431,0.0189,14.81,0.043588571,2.79,1.3381,0.079792202,0.1403997226277692,-0.08072063,-0.005176113,-0.009955001,0.00528328,0.933,FALSE,TRUE,FALSE,FALSE,2.083,0.958,0.666,2.985,0.408238411,0.2047565579414367,0.011283504,0.0027,0.0039,0.0003,0.0025,0.0001,0.0001,0.0097,0.0002,0.0001,0.0001,0.0002,0.0001,0.0004,0.0002,0,0.0002,0.0001,0.0142,0.0003,0.0065,0.0041,0.0018,0.0028,0.0001,0,0,0,0.0001,0.0001,0.0001,0.0099,0.0001,0.0002,0,0,0.0128,0.6649,0.9198,0.8992,0.8907,0.9243,0.9164,0.898,0.878,0.9075,0.9065,0.8736,0.8671,0.8843,0.8623,D,lydian,D lydian,FALSE
ずっと真夜中でいいのに。『ミラーチューン』MV (ZUTOMAYO - MIRROR TUNE).mp3,129.2,0.2930747866630554,2472.340237750785,22.19741930182289,0.1236178090706447,0.5984098042898689,-18.4892807,80.09878540039062,28.33122062683105,-3.933992147,20.31921387,23.86758613586425,0.0192,0.0147,11.98,0.051232122,2.39,1.4986,-0.003345893,0.083987013,0.007676688,-0.067887424,-0.001159873,-0.013997016,1.114,FALSE,TRUE,FALSE,FALSE,2.905,1,0.575,4.006,0.4682768583297729,0.135851577,0.014206747,0.0006,0.0011,0.0001,0.0012,0.0001,0.0004,0.0032,0.0002,0.0002,0.0002,0.0003,0.0003,0.0097,0.0055,0.0001,0.0003,0.0005,0.006,0.0002,0.0026,0.0013,0.0006,0.0009,0,0.0001,0.0001,0.0001,0,0.0001,0,0.0106,0.0001,0.0002,0.0001,0.0001,0.0051,0.723,0.8746,0.877,0.8807,0.8655,0.8735,0.8803,0.8733,0.8746,0.8706,0.8342,0.8401,0.8743,0.8151,E,phrygian,E phrygian,FALSE
Anzenpai.mp3,117.45,0.2988970875740051,2665.5301544857475,22.69836131949817,0.1287398512927285,0.7290821491837752,-14.98854065,71.48251342773438,31.342151641845703,-1.849856734,20.49758148,31.70147132873535,0.0521,0.0213,13.15,0.033767194,1.68,1.2917,0.1913035687045079,-0.022305576,-0.028288815,-0.107815368,-0.01610865,0.012940413,1.062,FALSE,TRUE,FALSE,FALSE,2.342,1,0.652,3.725,0.4215408563613891,0.2344094663858413,0.015602147,0.0009,0.0045,0.0001,0.0027,0,0,0.0078,0.0001,0.0001,0.0001,0.0003,0.0001,0.0004,0.0002,0,0.0001,0,0.0464,0.0002,0.0255,0.0184,0.0072,0.0116,0.0001,0,0,0,0,0.0001,0,0.0119,0.0001,0.0003,0.0001,0,0.0431,0.5862,0.9106,0.8927,0.8836,0.8998,0.9066,0.8826,0.8789,0.8875,0.8951,0.8545,0.8592,0.8706,0.8304,C#,ionian,C# ionian,FALSE
ずっと真夜中でいいのに。『勘冴えて悔しいわ』MV (ZUTOMAYO - Kansaete Kuyashiiwa).mp3,152,0.2968752384185791,2669.5324088115044,21.968906320010312,0.1233238892218961,0.5883638515761331,-13.23235798,76.24578094482422,26.24279022216797,5.801332473754883,16.300907135009766,25.978748321533203,-0.6949,0.0148,18.61,0.037263561,2.27,1.3135,0.059744615,0.094912262,-0.048786371,0.01362598,-0.00670836,0.017799893,0.993,FALSE,TRUE,FALSE,FALSE,3.012,1,0.629,3.616,0.5243281722068787,0.2161656320095062,0.01405485,0.001,0.0023,0.0002,0.0017,0,0.0001,0.0052,0.0003,0.0002,0.0002,0.0004,0.0002,0.0023,0.0016,0.0001,0.0003,0.0003,0.0066,0.0003,0.0023,0.0016,0.0006,0.001,0.0001,0.0001,0.0001,0.0001,0.0001,0.0001,0.0001,0.0277,0.0004,0.0049,0.0002,0.0002,0.0053,0.6778,0.9109,0.8864,0.8763,0.9067,0.9018,0.8859,0.8742,0.8991,0.8996,0.8648,0.8557,0.8715,0.8519,A#,ionian,A# ionian,FALSE
ずっと真夜中でいいのに。『ヒューマノイド』MV.mp3,161.5,0.3057751357555389,2567.444267148628,22.01960953623905,0.1167782825506847,0.6546757561608662,-9.811923981,79.16305541992188,25.29339408874512,1.3631970882415771,17.42291259765625,21.75428581237793,-0.6095,0.0147,13.03,0.035546172,3.64,1.2921,-0.043677531,-0.111992847,3.659977806909159e-05,0.073781437,-0.005025087,0.001303616,0.972,FALSE,TRUE,FALSE,FALSE,3.103,0.958,0.627,3.571,0.3815043568611145,0.2658166885375976,0.009771556,0.0002,0.0004,0,0.0004,0,0,0.0008,0.0003,0.0001,0,0.0002,0.0001,0.0003,0.0002,0,0.0001,0.0001,0.0004,0.0001,0.0002,0.0001,0,0,0,0.0001,0,0,0,0.0001,0.0001,0.0102,0.0001,0.0005,0,0,0.0003,0.8264,0.9096,0.8809,0.885,0.9004,0.9018,0.8854,0.8787,0.879,0.8887,0.8565,0.8424,0.8541,0.8399,G#,ionian,G# ionian,FALSE
Doodle.mp3,161.5,0.2769791185855865,2793.6571832175355,21.681028668829608,0.1243165081392867,0.6921595063783144,-8.927764893,67.83709716796875,25.777999877929688,1.048412799835205,17.637907028198242,32.37122344970703,0.0337,0.0165,15.22,0.045930035,2.17,1.3261,0.020702454,-0.072330531,0.012596614,0.026183282,0.007971609,-0.003123746,1.209,FALSE,TRUE,FALSE,FALSE,3.17,1,0.529,3.651,0.4246313273906708,0.2330304980278015,0.02082175,0.0003,0.0016,0.0002,0.0014,0,0,0.0031,0.0001,0.0001,0.0001,0.0002,0.0001,0.0002,0.0001,0,0.0001,0,0.0028,0.0003,0.0014,0.0009,0.0003,0.0004,0,0,0,0,0,0.0001,0.0001,0.0179,0.0002,0.0008,0.0001,0.0001,0.0028,0.7546,0.8957,0.8844,0.8975,0.8836,0.8852,0.8949,0.8829,0.8914,0.881,0.8523,0.8444,0.8711,0.8423,E,phrygian,E phrygian,FALSE
Blush.mp3,107.67,0.2983663380146026,2412.798547919981,22.058728067208303,0.1158858564408268,0.6730183098874004,-8.657979012,87.63251495361328,27.80080223083496,-10.93831539,19.49960708618164,21.35486412,-0.4431,0.0183,12.85,0.026872631,3.1,1.3576,0.081298656,0.1416458454848687,-0.081707002,-0.005010338,-0.010205003,0.005272306,0.999,FALSE,TRUE,FALSE,FALSE,3.147,1,0.588,3.495,0.4001868069171905,0.3301303684711456,0.015038403,0.0004,0.0003,0.0001,0.0006,0.0001,0.0001,0.0016,0.0014,0.0003,0.0002,0.0008,0.0003,0.0011,0.0004,0.0001,0.0001,0.0002,0.0078,0.0001,0.0035,0.0023,0.0014,0.0015,0,0.0001,0.0001,0.0001,0.0001,0.0002,0.0001,0.0239,0.0002,0.0009,0.0002,0,0.0067,0.7128,0.9189,0.8928,0.8966,0.9086,0.9096,0.9054,0.8919,0.8947,0.8934,0.8662,0.8559,0.8579,0.8494,A,ionian,A ionian,FALSE
ずっと真夜中でいいのに。『TAIDADA』MV (ZUTOMAYO - TAIDADA)【ダンダダン MAD】.mp3,143.55,0.3175087571144104,2535.3196033806817,21.380270149127675,0.1147301922545972,0.618691551,-5.205358982,79.52082824707031,27.97529983520508,5.466876029968262,20.224510192871094,28.93080711364746,-0.2187,0.0116,8.26,0.039555907,3.12,1.5261,-0.032287983,0.046121568,0.050449952,-0.043736436,0.005849692,0.002076517,0.993,FALSE,TRUE,FALSE,FALSE,3.799,1,0.534,4.134,0.3459416627883911,0.3432103097438812,0.022665877,0.0002,0.0023,0.0001,0.0005,0,0,0.0024,0.0002,0.0001,0,0.0002,0.0001,0.0002,0.0001,0,0.0001,0,0.0013,0.0001,0.0006,0.0004,0.0001,0.0002,0,0.0013,0.0004,0.0002,0,0.001,0.0002,0.0172,0.0001,0.0004,0.0001,0.0003,0.0011,0.7829,0.8909,0.8822,0.8898,0.8828,0.8914,0.8892,0.8764,0.8844,0.8775,0.8608,0.8495,0.8688,0.8276,A#,mixolydian,A# mixolydian,FALSE
ずっと真夜中でいいのに。『TAIDADA』 (ZUTOMAYO - TAIDADA)（Audio Track）.mp3,143.55,0.3164678514003753,2527.6730500380386,21.377680155439887,0.114145774,0.6193839278832872,-5.12367487,79.97174072265625,27.690576553344727,5.827781677246094,20.253772735595703,28.81730842590332,-0.2187,0.0121,8.09,0.037825558,3.21,1.5267,-0.03318912,0.044830553,0.051040888,-0.042846623,0.005804733,0.002121669,0.982,FALSE,TRUE,FALSE,FALSE,3.265,1,0.575,3.869,0.4026734828948974,0.2758980691432953,0.021660065,0.0001,0.0002,0,0.0007,0,0,0.0007,0.0001,0,0,0.0001,0.0001,0.0004,0.0002,0.0003,0.0002,0.0001,0.0121,0.0003,0.0104,0.007,0.0024,0.0029,0,0.0001,0,0,0,0.0001,0,0.0101,0.0001,0.0005,0.0001,0.0002,0.0099,0.7521,0.8951,0.8871,0.9022,0.8904,0.8946,0.9028,0.8836,0.9016,0.8859,0.8571,0.8516,0.866,0.8514,G,aeolian,G aeolian,FALSE
How-to.mp3,92.29,0.3056538105010986,2937.292695455622,22.041038636639943,0.1267729293886109,0.7787363090717591,-4.949371815,65.21818542480469,27.17333984,6.166008949279785,20.293609619140625,23.560895919799805,0.085,0.0337,15.56,0.045021798,1.82,1.3905,0.080732755,0.021710303,0.1063929612150876,-0.012960413,0.002481276,-0.014834108,1.3,FALSE,TRUE,FALSE,FALSE,3.518,1,0.547,3.633,0.3545501828193664,0.3471855223178863,0.013562168,0.0013,0.0056,0.0003,0.0027,0,0.0001,0.0097,0.0002,0.0001,0.0001,0.0003,0.0002,0.0007,0.0003,0.0001,0.0002,0.0002,0.0036,0.0002,0.0018,0.0014,0.0005,0.0007,0,0.0005,0.0002,0.0001,0.0001,0.0003,0.0003,0.0245,0.0002,0.0006,0.0001,0.0001,0.0033,0.6814,0.9037,0.9071,0.9014,0.904,0.9008,0.9069,0.8819,0.8958,0.8953,0.8805,0.8795,0.8871,0.8378,D,dorian,D dorian,FALSE
Nareai Serve.mp3,83.35,0.3035139441490173,2305.301673,21.537622002165936,0.1070103747254758,0.6555151311478025,-4.549665928,88.87163543701172,26.71158218383789,-14.20554543,19.70870590209961,32.851749420166016,0.3731,0.0274,11.09,0.027275924,2.87,1.3301,-0.082557374,0.067595195,-0.039717627,0.060043177,-0.007990397,0.009017706,1.024,FALSE,TRUE,FALSE,FALSE,3.278,1,0.558,3.716,0.4027177095413208,0.2483967840671539,0.019175934,0.0008,0.0021,0.0002,0.0016,0.0001,0.0001,0.004,0.0004,0.0001,0.0002,0.0004,0.0001,0.0004,0.0002,0,0.0001,0,0.0038,0.0001,0.0019,0.0011,0.0005,0.0007,0,0.0002,0.0001,0.0001,0.0005,0.0002,0.0005,0.0134,0.0001,0.0006,0.0001,0,0.0038,0.749,0.877,0.886,0.8859,0.8741,0.8751,0.8884,0.8714,0.8872,0.8848,0.856,0.8566,0.8832,0.8262,F,aeolian,F aeolian,FALSE
Loneliness.mp3,99.38,0.3257092833518982,2483.565805833773,21.50518807375744,0.1047787282436708,0.8164160782039435,-2.148454189,76.96946716308594,31.19528007507324,-10.3447485,16.46026039123535,35.72748947143555,-0.7761,0.0138,12.99,0.047759172,2.32,1.2577,0.021638695,-0.023689116,0.093836308,-0.001970366,0.008638712,0.024462653,1.095,FALSE,TRUE,FALSE,FALSE,3.63,1,0.563,3.972,0.4136462211608886,0.2362552136182785,0.021528119,0.0004,0.0009,0.0001,0.0014,0,0,0.0026,0.0001,0.0001,0.0001,0.0002,0.0001,0.0007,0.0004,0.0001,0.0002,0.0001,0.0037,0.0001,0.0016,0.0011,0.0003,0.0005,0,0.0001,0,0,0.0001,0.0001,0.0001,0.024,0.0002,0.0008,0.0001,0.0001,0.0036,0.7041,0.894,0.8874,0.887,0.8912,0.8944,0.8865,0.8784,0.8862,0.887,0.8576,0.8563,0.8661,0.8396,C,mixolydian,C mixolydian,FALSE
Shokinouta.mp3,136,0.3099684119224548,2549.545227588668,22.61537367,0.1144694882265529,0.7658671337704723,-1.99736166,74.51007080078125,25.01508903503418,-9.527060509,15.210838317871094,23.675443649291992,0.8154,0.0141,12.89,0.037217509,1.79,1.2185,0.1569704059979337,0.014669312,0.069073658,-0.044920076,0.009511599,-0.018224622,1.051,FALSE,TRUE,FALSE,FALSE,3.398,1,0.542,4.106,0.3061034381389618,0.3760947585105896,0.019072577,0.0004,0.0016,0.0001,0.001,0.0001,0,0.0035,0.0003,0.0001,0.0001,0.0003,0.0001,0.0004,0.0003,0.0001,0.0003,0.0001,0.0031,0.0002,0.0016,0.0013,0.0003,0.0004,0.0001,0.0001,0.0001,0,0,0.0001,0.0001,0.0171,0.0001,0.001,0.0001,0.001,0.0033,0.6932,0.8769,0.8922,0.8948,0.8746,0.8777,0.8942,0.8887,0.889,0.8871,0.8451,0.8445,0.8731,0.8412,G,phrygian,G phrygian,FALSE
Enen.mp3,86.13,0.3113660812377929,2631.8407605963816,20.725539343742067,0.1064398079336214,0.7202225068617802,-1.0639503,71.87723541259766,22.81354522705078,1.4055827856063845,15.789627075195312,22.11392593383789,-0.3332,0.0345,9.22,0.059817638,2.67,1.3447,-0.061412336,-0.008911751,-0.038437048,0.026448317,-0.000181032,0.005303621,0.888,FALSE,TRUE,FALSE,FALSE,2.726,0.958,0.607,3.217,0.1197181046009063,0.3104243278503418,0.005019167,0.0003,0.0002,0.0002,0.0001,0,0,0.0008,0.0004,0.0005,0.0004,0.0006,0.0004,0.0216,0.0177,0.0002,0.0011,0.0006,0.0002,0.0004,0.0001,0.0001,0.0001,0.0001,0,0.0001,0.0003,0.0005,0.0003,0.0011,0.0002,0.0126,0.0005,0.0044,0.0002,0.0005,0.0003,0.6326,0.9444,0.898,0.8884,0.9355,0.9396,0.8912,0.8763,0.9143,0.9088,0.8729,0.878,0.9027,0.8709,C,ionian,C ionian,FALSE
Nonisakuuta.mp3,103.36,0.2975597083568573,2380.650578230963,22.61903471,0.1135424822678703,0.7439268369747954,-0.755697548,84.86009216308594,22.77942276000977,-10.2574091,14.603261947631836,32.99224090576172,0.3991,0.0287,9.26,0.031632032,3.68,1.2589,0.1487763244564078,0.019396877,0.1024786693695743,-0.072313115,-0.015222028,-0.008639508,0.978,FALSE,TRUE,FALSE,FALSE,2.504,0.833,0.38,3.174,0.5143101215362549,0.1688335537910461,0.001358113,0.0012,0.0011,0.0003,0.0019,0.0001,0.0003,0.0067,0.0014,0.0009,0.0005,0.0017,0.0016,0.0121,0.0109,0.0003,0.0006,0.0005,0.0004,0.0003,0.0001,0.0001,0.0001,0.0001,0.0001,0.001,0.0009,0.0003,0.0504,0.0016,0.011,0.0199,0.0003,0.0012,0.0004,0.0009,0.0006,0.5693,0.9134,0.9137,0.9215,0.9086,0.9022,0.9179,0.8964,0.9095,0.904,0.8863,0.8732,0.8958,0.8678,D,phrygian,D phrygian,FALSE
Aijou To Hokosaki.mp3,95.7,0.346747875,2660.3365125710984,22.01631687891288,0.1374983408855195,0.7239607558860391,21.25780678,70.33757781982422,24.64323616027832,-16.95228767,19.710405349731445,36.70466995239258,-0.2238,0.0432,10.17,0.035662159,1.06,1.2955,-0.056273132,-0.06036769,0.001601994,-0.076745842,0.004893903,0.003114262,0.998,FALSE,TRUE,FALSE,FALSE,2.658,1,0.527,3.514,0.3288317620754242,0.3068307936191559,0.021081196,0.0029,0.0041,0.0035,0.0026,0.0001,0.0002,0.0121,0.0006,0.0004,0.0003,0.001,0.0004,0.0009,0.0005,0.0001,0.0003,0.0002,0.0113,0.0002,0.007,0.0068,0.0028,0.004,0.0001,0.0002,0.0001,0.0001,0.0002,0.0003,0.0002,0.036,0.0003,0.0016,0.0002,0.0001,0.0098,0.5436,0.9162,0.8939,0.8912,0.9114,0.9079,0.8981,0.8799,0.8889,0.8996,0.8807,0.8619,0.8732,0.8447,D,ionian,D ionian,FALSE
Omochanoheitai.mp3,89.1,0.359575868,2524.1105295860625,21.78347802794232,0.1263693733930732,0.7409317430485682,30.86950684,81.31220245361328,24.22472381591797,-14.80786419,16.406633377075195,33.16048049926758,-0.5457,0.0262,10.98,0.035135314,0.94,1.1801,-0.044404137,-0.130045332,0.083808689,-0.009630264,-0.007198722,0.00501092,1.058,FALSE,TRUE,FALSE,FALSE,3.029,1,0.593,3.698,0.4571216106414795,0.2664379477500915,0.012086782,0.0005,0.0013,0.0004,0.0011,0.0001,0.0001,0.0033,0.0002,0.0001,0.0001,0.0004,0.0004,0.0106,0.0081,0.0003,0.0006,0.0002,0.0024,0.0002,0.0012,0.0007,0.0003,0.0004,0,0.0002,0.0001,0,0.0001,0.0002,0.0002,0.0203,0.0002,0.0013,0.0001,0.0001,0.002,0.71,0.9233,0.8952,0.8909,0.9239,0.9212,0.8937,0.8778,0.8983,0.8974,0.8775,0.8573,0.8735,0.8674,A#,lydian,A# lydian,FALSE
ずっと真夜中でいいのに。『シェードの埃は延長』 (ZUTOMAYO - SHADE)（Audio Track）.mp3,95.7,0.3491587340831756,2493.859564653064,21.63991432406097,0.1015802467683232,0.7327020989725371,10.405529975891112,86.83345794677734,25.06671905517578,2.8120505809783936,18.320655822753903,14.76529598236084,-0.2313,0.0314,7.23,0.031043485,3.85,1.3101,0.053122713,0.095293877,-0.039222696,-0.033843678,-0.010280441,0.008534147,0.931,FALSE,TRUE,FALSE,FALSE,2.925,1,0.621,3.366,0.2965995371341705,0.2966686189174652,0.010513282,0.0018,0.0023,0.0003,0.0017,0.0006,0.0009,0.0081,0.0028,0.0006,0.0004,0.0017,0.0008,0.0013,0.0006,0.0002,0.0004,0.0003,0.0085,0.0003,0.0048,0.0051,0.0022,0.0026,0.0003,0.0002,0.0002,0.0002,0.0002,0.0004,0.0002,0.0276,0.0005,0.0024,0.0002,0.0009,0.0085,0.4938,0.9155,0.8864,0.8973,0.912,0.9101,0.8945,0.8754,0.8914,0.889,0.8725,0.8534,0.8698,0.865,G,ionian,G ionian,FALSE
Doutoku To Sara.mp3,92.29,0.3292163014411926,2483.740041403818,21.79439670338292,0.1237409260454525,0.7327843455396923,11.772523880004885,78.27435302734375,23.597883224487305,-16.27674866,20.90146827697754,38.29808044433594,-0.2596,0.0301,10.74,0.031841371,1.32,1.1532,0.059912781,-0.116433386,0.009923732,0.1054495190009448,0.006599285,-0.011849734,1.047,FALSE,TRUE,FALSE,FALSE,3.499,1,0.529,4.118,0.3070643544197082,0.3764181137084961,0.018788861,0.0016,0.0049,0.0011,0.002,0.0003,0.0002,0.01,0.0008,0.0004,0.0002,0.0008,0.0004,0.0017,0.0013,0.0002,0.0009,0.0002,0.0044,0.0004,0.0021,0.002,0.0007,0.0008,0.0001,0.0002,0.0002,0.0002,0.0001,0.0004,0.0002,0.0236,0.0003,0.0019,0.0002,0.0011,0.0046,0.4812,0.8771,0.8928,0.8951,0.8752,0.878,0.8945,0.889,0.8893,0.8876,0.846,0.8453,0.8735,0.8415,G,phrygian,G phrygian,FALSE
Misukasazu.mp3,129.2,0.3639395534992218,2515.9044397703537,21.29168378701333,0.099163024,0.8065639663745775,18.82110977172852,76.19274139404297,22.926176071166992,-9.649512291,15.106781959533691,32.026275634765625,-0.5688,0.0126,8.32,0.028366357,1.31,1.2363,0.077704802,0.079320542,-0.118739097,-0.037871433,-0.01074235,0.015848147,0.897,FALSE,TRUE,FALSE,FALSE,2.819,1,0.529,3.665,0.4272118508815765,0.3065969944000244,0.014854295,0.0007,0.0016,0.0006,0.0011,0.0001,0.0001,0.0036,0.0005,0.0002,0.0003,0.0006,0.0005,0.0062,0.0068,0.0005,0.0007,0.0002,0.0058,0.0001,0.0021,0.0015,0.0007,0.0011,0,0.0007,0.0002,0.0001,0.0002,0.0004,0.0004,0.0203,0.0002,0.0021,0.0002,0.0001,0.0043,0.6796,0.9036,0.8948,0.8946,0.8984,0.9006,0.8953,0.888,0.8824,0.8917,0.8663,0.8726,0.8786,0.835,G,ionian,G ionian,FALSE
ずっと真夜中でいいのに。『間人間』 (ZUTOMAYO - Almost Human)（Audio Track）.mp3,161.5,0.3239077627658844,2745.161228277082,21.65442455051689,0.12134962,0.6277511916973476,2.659529685974121,75.45233917236328,25.18553352355957,6.37120533,17.262405395507812,22.00735664367676,0.1057,0.0143,12.06,0.037645049,3.08,1.4253,0.096394222,0.011105155,0.04414682,0.018721591,-0.018189013,-0.0088259,1.114,FALSE,TRUE,FALSE,FALSE,3.204,1,0.563,3.856,0.5227193832397461,0.2323759347200393,0.014624028,0.0009,0.0018,0.0009,0.0012,0.0001,0.0002,0.0046,0.0003,0.0002,0.0001,0.0005,0.0006,0.002,0.0012,0.0001,0.0004,0.0003,0.0018,0.0002,0.0007,0.0005,0.0002,0.0003,0,0.0001,0.0001,0.0001,0.0001,0.0001,0.0001,0.0192,0.0002,0.002,0.0001,0.0004,0.0016,0.6506,0.9061,0.8884,0.9039,0.8937,0.8966,0.8975,0.8979,0.8869,0.8762,0.8509,0.8459,0.8592,0.8525,A#,ionian,A# ionian,FALSE
Kikoridokei.mp3,129.2,0.3599493503570556,2715.3545341925505,22.340388471053554,0.1415926468025639,0.7484061366657316,38.97576522827149,71.06101227,19.956132888793945,-18.05644035,14.501826286315918,24.457921981811523,0.0254,0.0214,6.08,0.036720209,2.74,1.1652,-0.002180096,-0.06803792,0.09996731,0.018560391,-0.001445074,-0.001442446,1.063,FALSE,TRUE,FALSE,FALSE,3.297,0.958,0.598,3.208,0.5212575197219849,0.2066445499658584,0.013188224,0.0007,0.0004,0.0001,0.001,0.0007,0.0005,0.0025,0.0002,0.0001,0.0001,0.0006,0.0004,0.0006,0.0002,0.0001,0.0001,0.0001,0.0135,0.0002,0.0081,0.0067,0.0015,0.0019,0,0.0001,0.0001,0.0001,0,0.0002,0,0.0148,0.0002,0.0012,0.0001,0.0001,0.0132,0.7353,0.8929,0.8751,0.8866,0.8887,0.8803,0.8833,0.8672,0.8837,0.8692,0.8476,0.8202,0.8487,0.8527,G#,ionian,G# ionian,FALSE
Ubu.mp3,152,0.3667372465133667,3087.348916239353,21.51017192,0.1526003180717494,0.8128812618983815,38.97666549682617,51.00517272949219,20.53687668,-17.42474747,15.398577690124512,33.68086624145508,-0.0196,0.0127,8.87,0.04993454,0.73,1.1555,-0.052999234,-0.023304268,0.046878853,-0.073267381,0.003295019,0.000553029,1,FALSE,TRUE,FALSE,FALSE,3.329,0.958,0.569,3.653,0.3530544936656952,0.3490237,0.013313218,0.0012,0.0054,0.0003,0.0027,0.0001,0.0001,0.0091,0.0002,0.0001,0.0001,0.0003,0.0002,0.0007,0.0003,0.0001,0.0002,0.0003,0.0038,0.0002,0.0021,0.0015,0.0006,0.0007,0,0.0004,0.0002,0.0001,0.0001,0.0003,0.0003,0.0262,0.0002,0.0007,0.0001,0.0001,0.0035,0.6563,0.9039,0.9067,0.9012,0.9036,0.9006,0.907,0.8827,0.8952,0.8949,0.8808,0.8798,0.8873,0.8372,D,aeolian,D aeolian,FALSE
Kan Saete Kuyashiiwa.mp3,152,0.3180891573429107,2705.683240816719,21.902363283250047,0.1224738590598868,0.588128901,5.567864418029785,78.12438201904297,23.050731658935547,6.123911380767822,16.395126342773438,26.78045654296875,-0.6949,0.0146,9.91,0.031533524,2.33,1.3462,0.061627317,0.08926769,-0.047737285,0.006538904,-0.006587743,0.015712396,1.087,FALSE,TRUE,FALSE,FALSE,3.354,1,0.488,3.639,0.3846970796585083,0.2522391378879547,0.022464924,0.0002,0.0003,0,0.0008,0.0001,0,0.0011,0.0002,0.0001,0.0001,0.0002,0.0001,0.0006,0.0002,0,0.0002,0.0001,0.0136,0.0003,0.0061,0.0049,0.0024,0.0028,0,0.0001,0,0,0,0.0001,0,0.0161,0.0001,0.0002,0.0001,0.0001,0.0112,0.761,0.8888,0.89,0.8784,0.8799,0.8911,0.8754,0.877,0.8725,0.8877,0.8483,0.8527,0.8616,0.8212,D,mixolydian,D mixolydian,FALSE
Kira Killer.mp3,143.55,0.3078937828540802,2494.6897034221984,21.63079354987739,0.1277766936043444,0.6478870718100898,6.012911319732666,87.78891754,26.16309166,-14.28843689,24.616270065307617,23.299596786499023,-0.2034,0.0133,11.24,0.031064417,2.61,1.3441,0.012927685,0.08096848,0.01666235,-0.054477005,0.00530417,-0.012755632,0.953,FALSE,TRUE,FALSE,FALSE,1.98,0.958,0.649,3.546,0.4146817028522491,0.2551839649677276,0.012174378,0.0011,0.0018,0.0005,0.0012,0.0001,0.0001,0.0051,0.0003,0.0002,0.0002,0.0005,0.0003,0.0073,0.0056,0.0001,0.0004,0.0006,0.0074,0.0002,0.003,0.0019,0.001,0.0017,0.0001,0.0001,0.0001,0.0001,0.0001,0.0001,0.0001,0.0156,0.0003,0.0006,0.0002,0.0001,0.0059,0.6933,0.9141,0.8823,0.8897,0.9049,0.9009,0.8863,0.8682,0.8995,0.8955,0.8617,0.8448,0.8645,0.8524,E,ionian,E ionian,FALSE
Avoid Note.mp3,143.55,0.3131272792816162,2840.015143093164,21.53010012595428,0.1286032375516477,0.6838839484422428,6.763844013214111,67.22074890136719,28.01288795471192,-0.314695746,17.5833683,32.32671356201172,-0.5705,0.0156,12.46,0.051728904,1.14,1.1586,0.1235195041207105,-0.003841578,-0.001770501,-0.098936782,-0.013247846,0.001819623,0.946,FALSE,TRUE,FALSE,FALSE,2.817,1,0.618,4.006,0.3480888903141022,0.2433191686868667,0.036359746,0.0015,0.0088,0.0005,0.0029,0,0.0001,0.0129,0.0002,0.0001,0.0001,0.0004,0.0001,0.0003,0.0002,0,0.0001,0.0001,0.0079,0.0001,0.0029,0.002,0.0007,0.0012,0,0.0001,0,0,0.0001,0.0001,0.0001,0.0141,0.0001,0.0008,0.0001,0,0.0068,0.743,0.8889,0.8777,0.8686,0.8884,0.8887,0.8755,0.859,0.8854,0.8875,0.8542,0.85,0.8673,0.85,C,ionian,C ionian,FALSE
80kounenno Tabi (AUTHENTIC CHINESE KISSA ＂Ai no Pegasus＂ -SPICY DRAGON OF LOVE - 2024 ⧸ LIVE).mp3,107.67,0.142183408,1406.388854,21.94278187,0.047363819,0.72939115,-175.1819,126.2831802,41.96757889,18.83733177,24.19553375,26.9763031,0.8485,0.0178,20.9,0.004077312,3.92,1.4013,0.109017643,0.041221864,-0.081054142,0.021060217,-0.002157236,0.012568021,1.519,FALSE,FALSE,FALSE,TRUE,2.724,1,0.556,3.92,0.699125171,0.072712794,0.001413725,0.0003,0.0006,0.0002,0.0011,0.0001,0.0001,0.0016,0.0005,0.0003,0.0003,0.0007,0.0003,0.0032,0.0013,0.0073,0.0153,0.0004,0.0023,0.001,0.0024,0.0008,0.0002,0.0002,0.0002,0.0001,0.0002,0.0001,0.0002,0.0003,0.0004,0.0049,0.0001,0.0006,0.0003,0,0.0058,0.5893,0.8778,0.8931,0.8931,0.8761,0.8773,0.8955,0.872,0.897,0.8893,0.8378,0.8409,0.8716,0.8416,A,harmonic_minor,A harmonic_minor,TRUE
Blues in the Closet (AUTHENTIC CHINESE KISSA ＂Ai no Pegasus＂ -SPICY DRAGON OF LOVE - 2024 ⧸ LIVE).mp3,112.35,0.193031788,1513.444189,23.14513014,0.060618497,0.805341152,-128.6491699,129.9317017,33.97946167,9.180013657,18.25577736,20.92899704,0.0412,0.0105,17.71,0.014530553,4.3,1.3187,0.006876865,0.192238885,-0.02374264,-0.067171418,-0.000232912,-0.009948899,1.34,FALSE,FALSE,FALSE,TRUE,2.03,0.958,0.561,3.273,0.432562739,0.248085544,0.004267595,0.0011,0.0005,0.0003,0.0006,0,0.0001,0.0056,0.0017,0.0008,0.0006,0.0017,0.001,0.0113,0.0054,0.0005,0.0004,0.0005,0.0012,0.0001,0.0004,0.0003,0.0001,0.0002,0.0002,0.0007,0.0003,0.0002,0.058,0.0009,0.0115,0.0508,0.0008,0.0037,0.0004,0.0002,0.0015,0.5803,0.9191,0.9128,0.9151,0.9118,0.9147,0.9191,0.8994,0.9025,0.8963,0.8821,0.8675,0.8788,0.8513,A#,ionian,A# ionian,TRUE
Blush (AUTHENTIC CHINESE KISSA ＂Ai no Pegasus＂ -SPICY DRAGON OF LOVE - 2024 ⧸ LIVE).mp3,107.67,0.225931987,2302.189802,22.01663835,0.107793793,0.770557541,-45.46310425,93.04811096,31.42744255,-2.765098095,22.81031609,29.11291122,-0.4168,0.02,17.36,0.028302332,2.9,1.243,0.06527353,0.136342325,-0.090661542,0.011935117,0.001461884,-0.001868782,1.044,FALSE,FALSE,FALSE,TRUE,2.36,1,0.489,3.51,0.384324342,0.259654135,0.01592103,0.0017,0.0035,0.0014,0.0033,0.0001,0.0001,0.0106,0.0007,0.0005,0.0004,0.0013,0.0004,0.0007,0.0003,0.0002,0.0004,0.0001,0.0082,0.0002,0.0033,0.0027,0.0009,0.0013,0.0002,0.0003,0.0004,0.0004,0.0001,0.0009,0.0003,0.086,0.0005,0.002,0.0004,0.0001,0.0069,0.4951,0.9127,0.899,0.9082,0.8984,0.9086,0.9078,0.8954,0.8985,0.8843,0.8638,0.8585,0.8673,0.8417,F,ionian,F ionian,TRUE
Byoushinwo Kamu (AUTHENTIC CHINESE KISSA ＂Ai no Pegasus＂ -SPICY DRAGON OF LOVE - 2024 ⧸ LIVE).mp3,129.2,0.236231387,2372.282516,21.48532878,0.109060967,0.764386035,-25.88960648,89.65237427,23.554142,-2.749974012,17.44336128,29.24024963,-0.4321,0.0125,16.94,0.028606443,3.53,1.184,-0.00460561,-0.069984459,-0.013265042,0.099564098,0.009561905,-0.00331339,0.726,FALSE,FALSE,FALSE,TRUE,2.466,1,0.504,3.927,0.441503912,0.231814131,0.018911216,0.0016,0.0019,0.0002,0.0024,0.0001,0.0001,0.007,0.0005,0.0003,0.0002,0.0007,0.0002,0.0006,0.0003,0.0001,0.0001,0.0002,0.0065,0.0001,0.0026,0.0018,0.0007,0.0011,0.0001,0.0001,0.0001,0.0001,0.0001,0.0002,0.0002,0.0456,0.0006,0.0035,0.0011,0,0.0065,0.5429,0.8849,0.8782,0.8872,0.8804,0.8799,0.891,0.876,0.8916,0.8788,0.8346,0.8226,0.8583,0.8468,C#,harmonic_minor,C# harmonic_minor,TRUE
Darken(Strong) (AUTHENTIC CHINESE KISSA ＂Ai no Pegasus＂ -SPICY DRAGON OF LOVE - 2024 ⧸ LIVE).mp3,95.7,0.238325387,2468.996985,21.43618429,0.115580548,0.752761262,-33.32080841,81.33934784,27.47247887,1.040736794,17.30745506,29.05670166,-0.2629,0.0287,15.96,0.041296151,2.42,1.174,-0.054393311,0.085452384,0.007779274,0.017421297,0.00880133,0.000358339,1.105,FALSE,FALSE,FALSE,TRUE,2.396,1,0.54,4.103,0.447028339,0.212906241,0.025749607,0.0006,0.0022,0.0001,0.0022,0,0.0001,0.0058,0.0011,0.0003,0.0003,0.0009,0.0002,0.0005,0.0002,0.0001,0.0004,0.0001,0.0283,0.0003,0.0161,0.012,0.0024,0.0034,0.0001,0.0012,0.0006,0.0002,0.0002,0.0013,0.0004,0.0321,0.0003,0.002,0.0002,0.0001,0.0268,0.4921,0.8782,0.8866,0.8869,0.8739,0.8818,0.8891,0.8843,0.8852,0.884,0.8356,0.8479,0.8598,0.8202,F,aeolian,F aeolian,TRUE
Doseiwo Keiyushite (Short Version ⧸ AUTHENTIC CHINESE KISSA ＂Ai no Pegasus＂ -SPICY DRAGON OF....mp3,123.05,0.130580947,2753.928836,20.47142201,0.125887862,0.829277856,-101.7583542,65.52298737,29.90364456,3.714142561,22.66335487,19.21547127,0.4646,0.0188,28.16,0.080393903,4.54,1.1409,-0.073233778,0.030970769,-0.023594745,0.02455119,0.002271238,0.004525543,1.267,FALSE,FALSE,FALSE,TRUE,2.042,0.917,0.705,3.548,0.627077758,0.134013832,0.015153201,0.0002,0.0003,0.0001,0.0003,0.0001,0.0002,0.0009,0.0008,0.0004,0.0004,0.0007,0.0003,0.0006,0.0002,0.0002,0.0005,0.0003,0.0231,0.0007,0.0146,0.01,0.0023,0.0036,0.0002,0.0002,0.0002,0.0002,0.0001,0.0004,0.0002,0.0019,0.0001,0.0001,0.0003,0.0001,0.0228,0.4571,0.8832,0.8763,0.8623,0.8768,0.8835,0.8721,0.872,0.867,0.8768,0.8411,0.8476,0.8661,0.8207,D#,mixolydian,D# mixolydian,TRUE
Engine Oil (AUTHENTIC CHINESE KISSA ＂Ai no Pegasus＂ -SPICY DRAGON OF LOVE - 2024 ⧸ LIVE).mp3,129.2,0.217111006,2181.886808,20.98573056,0.094436481,0.721113203,-60.23635101,101.7243118,35.89006424,11.85395145,23.1903801,15.14795589,-0.401,0.0197,15.8,0.027289808,3.06,1.3543,-0.012418382,0.091492795,0.036808042,0.058472464,0.013094969,0.005077188,0.991,FALSE,FALSE,FALSE,TRUE,2.67,1,0.516,3.993,0.412215114,0.200310528,0.008711385,0.0002,0.0002,0.0001,0.0005,0.0001,0.0002,0.001,0.0002,0.0003,0.0003,0.0005,0.0005,0.0005,0.0002,0.0002,0.0022,0,0.0025,0.0011,0.0015,0.0007,0.0003,0.0003,0.0001,0.0001,0.0002,0.0004,0.0001,0.0004,0.0001,0.0734,0.0009,0.0053,0.0005,0.0012,0.0024,0.4708,0.8851,0.8861,0.8966,0.875,0.889,0.8931,0.8839,0.8892,0.8822,0.8359,0.8528,0.8669,0.8392,C,phrygian,C phrygian,TRUE
Fastening (AUTHENTIC CHINESE KISSA ＂Ai no Pegasus＂ -SPICY DRAGON OF LOVE - 2024 ⧸ LIVE).mp3,117.45,0.282782227,2336.637909,21.12607296,0.099409444,0.763213794,4.077628136,91.50856018,17.92878723,1.045573473,15.18174076,32.80733871,-0.7495,0.0289,7.9,0.024158379,1.33,1.1184,-0.007470769,0.068876542,0.005491458,-0.035271416,-0.002879867,-0.003737117,1.141,FALSE,FALSE,FALSE,TRUE,2.469,1,0.532,4.27,0.501157403,0.193044275,0.019018672,0.0011,0.0017,0.0001,0.0021,0.0001,0.0001,0.0059,0.0006,0.0004,0.0003,0.0009,0.0004,0.0016,0.0006,0.0001,0.0002,0.0011,0.0158,0.0001,0.007,0.0055,0.0018,0.0032,0.0002,0.0001,0.0001,0.0001,0.0001,0.0002,0.0001,0.0424,0.0005,0.0009,0.0002,0,0.0141,0.5056,0.8836,0.8787,0.8841,0.8789,0.8808,0.8854,0.8772,0.8785,0.8717,0.8352,0.8299,0.8546,0.8304,G,aeolian,G aeolian,TRUE
Flow Different (AUTHENTIC CHINESE KISSA ＂Ai no Pegasus＂ -SPICY DRAGON OF LOVE - 2024 ⧸ LIVE).mp3,117.45,0.254792243,2249.69919,21.91492557,0.094893732,0.770829352,-23.38910103,95.4355545,22.97115135,7.739173412,15.72607994,28.13488007,0.0392,0.0165,9.33,0.020504203,4.32,1.2282,0.041884577,0.105052427,-0.067392804,0.015548336,-0.001851632,-0.001336935,1.011,FALSE,FALSE,FALSE,TRUE,2.53,1,0.477,3.865,0.410786361,0.226928547,0.01699282,0.0007,0.0007,0.0002,0.0013,0.0001,0.0001,0.0042,0.001,0.0005,0.0005,0.0014,0.0004,0.0016,0.0005,0.0002,0.0002,0.0002,0.0141,0.0001,0.0055,0.0051,0.0014,0.0022,0.0001,0.0048,0.0014,0.0008,0.0001,0.0038,0.0003,0.0547,0.0004,0.0013,0.0005,0.0001,0.013,0.4985,0.9072,0.8918,0.9054,0.8928,0.8998,0.901,0.89,0.89,0.881,0.8527,0.8487,0.8703,0.8394,F,ionian,F ionian,TRUE
Ham (AUTHENTIC CHINESE KISSA ＂Ai no Pegasus＂ -SPICY DRAGON OF LOVE - 2024 ⧸ LIVE).mp3,92.29,0.12438225,2086.62783,24.16594657,0.093836211,0.836873835,-165.8583984,99.67137146,29.57745171,5.509212017,17.75834274,18.58571053,-0.3957,0.0379,28.98,0.017663008,2.67,1.161,-0.01442636,0.230515685,-0.025009261,-0.100926358,-0.004003978,-0.012309082,2.644,FALSE,FALSE,FALSE,TRUE,2.12,1,0.581,3.52,0.252366453,0.340637773,0.015418467,0.0226,0.0014,0.0013,0.0006,0.0003,0.0007,0.0183,0.0017,0.0006,0.0004,0.0016,0.001,0.0017,0.0006,0.0003,0.0002,0.0008,0.0007,0,0.0003,0.0002,0.0001,0.0002,0,0.0003,0.0002,0.0002,0.0008,0.0005,0.0004,0.0378,0.0005,0.0091,0.0005,0,0.0009,0.5904,0.9402,0.9118,0.9179,0.929,0.9319,0.9192,0.8989,0.8939,0.9031,0.8989,0.8848,0.8865,0.8625,A#,ionian,A# ionian,TRUE
Hanaichi Monnme (AUTHENTIC CHINESE KISSA ＂Ai no Pegasus＂ -SPICY DRAGON OF LOVE - 2024 ⧸ LIVE).mp3,129.2,0.263629496,2578.009161,21.40972978,0.122654372,0.731733875,8.054795265,81.73480225,19.42111206,-0.327231616,13.61662006,30.95534325,-0.0486,0.0177,7.58,0.034139853,3.73,1.1648,0.043918806,0.124649475,-0.071643114,0.025950318,-0.001170662,0.007717978,1.108,FALSE,FALSE,FALSE,TRUE,2.453,0.958,0.6,3.57,0.400259286,0.253617913,0.02547691,0.0007,0.0014,0.0001,0.0028,0.0001,0.0001,0.005,0.0015,0.0003,0.0002,0.0009,0.0003,0.0005,0.0002,0.0001,0.0002,0.0001,0.0086,0.0001,0.0041,0.0034,0.0011,0.0017,0.0001,0.0002,0.0003,0.0002,0.0001,0.0005,0.0002,0.0411,0.0003,0.0008,0.0002,0.0001,0.0085,0.5405,0.9099,0.8929,0.8996,0.8931,0.9048,0.894,0.8842,0.879,0.8831,0.8559,0.8599,0.8706,0.837,F,ionian,F ionian,TRUE
Haze Haseru Haterumade(AragaiHazefriedTeisyoku) (AUTHENTIC CHINESE KISSA ＂Ai no Pegasus＂ -SPICY....mp3,123.05,0.152992114,2323.041885,22.66438949,0.110876017,0.752035796,-119.4678574,92.31154633,35.88179398,5.171257019,18.97636604,18.74563408,-0.5333,0.0214,33.98,0.028905271,3.12,1.2834,-0.020276009,0.176366064,-0.02145121,-0.092633064,-0.003701342,-0.01648031,3.02,FALSE,FALSE,FALSE,TRUE,2.071,1,0.586,3.647,0.365554959,0.278742403,0.016290737,0.0013,0.0018,0.0003,0.0012,0.0002,0.0004,0.0061,0.0013,0.0007,0.0006,0.0016,0.001,0.0025,0.0009,0.0003,0.0005,0.0003,0.01,0.0002,0.0043,0.0047,0.0059,0.0091,0.0001,0.0004,0.0005,0.0004,0.0001,0.0011,0.0003,0.0408,0.0004,0.0026,0.0006,0.0001,0.0094,0.4906,0.9192,0.9028,0.8995,0.9128,0.9136,0.8989,0.887,0.8822,0.899,0.8775,0.8706,0.8697,0.847,A#,ionian,A# ionian,TRUE
Inside Joke (AUTHENTIC CHINESE KISSA ＂Ai no Pegasus＂ -SPICY DRAGON OF LOVE - 2024 ⧸ LIVE).mp3,129.2,0.243386507,2549.631754,21.09860119,0.124705299,0.709576589,-14.04707623,82.08690643,27.45449257,-4.429849148,19.6404438,24.36779404,-0.1522,0.0188,18.36,0.041913111,3.06,1.1577,0.010461284,0.085034771,-0.007339868,-0.045388197,0.006892787,-0.011349153,1.275,FALSE,FALSE,FALSE,TRUE,2.634,1,0.516,4.217,0.410416335,0.280558348,0.022704391,0.0004,0.0008,0.0001,0.001,0.0001,0.0001,0.003,0.0009,0.0003,0.0002,0.0008,0.0003,0.0005,0.0002,0.0001,0.0002,0.0001,0.0089,0.0001,0.0052,0.004,0.0009,0.0015,0.0001,0.0002,0.0002,0.0002,0.0002,0.0004,0.0002,0.0546,0.0005,0.0016,0.0004,0.0001,0.0093,0.4978,0.8892,0.8873,0.8858,0.8876,0.8832,0.8887,0.8767,0.8823,0.8809,0.8487,0.8323,0.855,0.8321,A#,ionian,A# ionian,TRUE
Kimigaite Mizuninaru (AUTHENTIC CHINESE KISSA ＂Ai no Pegasus＂ -SPICY DRAGON OF LOVE - 2024 ⧸ LIVE).mp3,136,0.153202295,1881.073744,22.87973673,0.087152146,0.743328823,-152.4632111,111.9864655,38.53915405,12.02435303,26.49076271,12.59540081,-0.2671,0.0141,36.72,0.018206354,1.76,1.2629,-0.103103829,0.060581385,-0.013759555,0.118221973,-0.018657527,0.000361304,1.823,FALSE,FALSE,FALSE,TRUE,1.921,1,0.568,3.615,0.370001018,0.256942362,0.005769407,0.0002,0.0004,0.0006,0.0005,0,0.0001,0.0013,0.0008,0.0005,0.0005,0.001,0.0005,0.0023,0.0014,0.0011,0.0051,0.0002,0.0012,0.001,0.0009,0.0003,0.0002,0.0004,0.0002,0.0006,0.0008,0.0009,0.0028,0.0016,0.0062,0.05,0.001,0.0062,0.0009,0.0002,0.0027,0.5646,0.9056,0.8879,0.8985,0.8932,0.8945,0.8985,0.8833,0.8908,0.8802,0.8565,0.8393,0.8555,0.8469,G#,ionian,G# ionian,TRUE
Kira Killer (AUTHENTIC CHINESE KISSA ＂Ai no Pegasus＂ -SPICY DRAGON OF LOVE - 2024 ⧸ LIVE).mp3,143.55,0.250686079,2467.422953,21.20994141,0.12437789,0.692658606,-7.478522301,85.80335236,22.8797493,-5.659936428,19.62003708,29.03858376,0.4394,0.0144,10.52,0.035979737,3.6,1.2228,0.008157451,0.063725746,-0.002732734,-0.034565761,0.009537784,-0.015586945,1.07,FALSE,FALSE,FALSE,TRUE,2.658,1,0.483,4.082,0.373645216,0.274688363,0.028859582,0.0005,0.0013,0.0001,0.0012,0.0001,0.0001,0.0033,0.0006,0.0003,0.0002,0.0008,0.0002,0.0004,0.0002,0.0001,0.0004,0.0001,0.0159,0.0002,0.0076,0.0058,0.0016,0.0027,0.0003,0.0002,0.0001,0.0001,0.0001,0.0002,0.0001,0.0495,0.0004,0.0014,0.0003,0.0003,0.0151,0.5014,0.8745,0.8816,0.8795,0.8712,0.8707,0.8844,0.8712,0.8805,0.8777,0.8366,0.8289,0.8597,0.8298,G,aeolian,G aeolian,TRUE
Konnakoto Soudou (AUTHENTIC CHINESE KISSA ＂Ai no Pegasus＂ -SPICY DRAGON OF LOVE - 2024 ⧸ LIVE).mp3,172.27,0.236286551,2252.728386,21.94148365,0.094531259,0.789885222,-50.43714142,95.04072571,25.21072769,6.713877201,18.27235031,29.33768845,-0.6011,0.0128,16.96,0.020718511,2.2,1.2303,-0.017651666,0.038133974,-0.047376778,0.035607259,0.010067052,-0.000944776,1.28,FALSE,FALSE,FALSE,TRUE,2.372,1,0.503,4.239,0.479475468,0.215995431,0.017553488,0.0007,0.0011,0.0002,0.0015,0.0001,0.0001,0.0039,0.0029,0.0005,0.0004,0.0017,0.0004,0.0015,0.0005,0.0002,0.0017,0.0002,0.0119,0.0028,0.0081,0.0056,0.0012,0.0019,0.0004,0.0002,0.0002,0.0002,0.0001,0.0004,0.0002,0.0478,0.0006,0.0035,0.0003,0.0001,0.0173,0.5387,0.8797,0.8671,0.8778,0.8754,0.8737,0.8699,0.878,0.8759,0.872,0.8187,0.8194,0.8489,0.8271,F,ionian,F ionian,TRUE
Marine Blue Garden (AUTHENTIC CHINESE KISSA ＂Ai no Pegasus＂ -SPICY DRAGON OF LOVE - 2024 ⧸ LIVE).mp3,172.27,0.14173907,1795.764377,23.31580718,0.093551959,0.735816773,-167.1343079,116.4590836,41.82371902,10.34100246,30.61761284,20.03582573,-0.4074,0.0153,32.14,0.013591568,2.42,1.1546,0.160008333,-0.047973113,-0.001686131,-0.061205671,0.004231579,-0.004705652,1.926,FALSE,FALSE,FALSE,TRUE,2.088,1,0.549,3.83,0.398556769,0.145037904,0.009664712,0.0003,0.0006,0.0002,0.0007,0,0.0001,0.0015,0.0005,0.0004,0.0002,0.0006,0.0004,0.0037,0.0016,0.001,0.0071,0.0001,0.0006,0.0003,0.0005,0.0001,0.0001,0.0001,0.0001,0.0001,0.0003,0.0002,0.0003,0.0005,0.0007,0.0218,0.0005,0.0046,0.0006,0.0002,0.0013,0.5679,0.9144,0.9014,0.8943,0.8992,0.9112,0.8963,0.8931,0.8858,0.8965,0.8601,0.8643,0.8665,0.8333,D,ionian,D ionian,TRUE
Minority Myakuraku (AUTHENTIC CHINESE KISSA ＂Ai no Pegasus＂ -SPICY DRAGON OF LOVE - 2024 ⧸ LIVE).mp3,161.5,0.273633868,2302.315378,21.37023907,0.09718048,0.742162264,-7.147498131,92.42205811,21.48151398,5.124415398,16.03462982,31.33751106,-0.7385,0.0111,8.35,0.024015835,3.17,1.1947,-0.064892457,0.076103598,-0.020485628,0.067777124,-0.000752153,-0.003614927,1.262,FALSE,FALSE,FALSE,TRUE,2.74,1,0.554,3.742,0.456309974,0.199466541,0.017888613,0.0009,0.0022,0.0003,0.0043,0.0001,0.0002,0.0082,0.0008,0.0006,0.0005,0.0014,0.0005,0.0008,0.0003,0.0002,0.0005,0.0001,0.0113,0.0003,0.0047,0.0037,0.001,0.0017,0.0002,0.0003,0.0002,0.0002,0.0001,0.0004,0.0002,0.0469,0.0006,0.0022,0.0004,0.0001,0.0116,0.4956,0.8955,0.8943,0.8992,0.8897,0.8874,0.9037,0.888,0.9,0.8906,0.8488,0.8428,0.8608,0.8461,F,aeolian,F aeolian,TRUE
MIRROR TUNE (AUTHENTIC CHINESE KISSA ＂Ai no Pegasus＂ -SPICY DRAGON OF LOVE - 2024 ⧸ LIVE).mp3,129.2,0.256720304,2471.575512,21.50838688,0.119130357,0.739430873,-8.850355148,84.25728607,25.01188087,1.108389139,15.39661789,32.37610626,-0.0826,0.0149,8.55,0.038129158,1.92,1.1744,-0.008711366,0.094819936,-0.000614466,-0.071943893,0.012520256,-0.008911212,0.973,FALSE,FALSE,FALSE,TRUE,2.584,1,0.518,4.024,0.405914038,0.235677883,0.025612775,0.0009,0.0014,0.0002,0.0018,0.0001,0.0001,0.0055,0.0013,0.0007,0.0006,0.0016,0.0005,0.0011,0.0003,0.0002,0.0003,0.0001,0.0091,0.0001,0.0038,0.0029,0.0009,0.0013,0.0001,0.001,0.0011,0.0005,0.0001,0.0015,0.0003,0.0504,0.0004,0.0014,0.0007,0.0001,0.0078,0.4994,0.8983,0.8892,0.8872,0.8899,0.891,0.8965,0.8768,0.8911,0.8839,0.86,0.8388,0.8564,0.8428,A#,ionian,A# ionian,TRUE
NEO Chao Fan (AUTHENTIC CHINESE KISSA ＂Ai no Pegasus＂ -SPICY DRAGON OF LOVE - 2024 ⧸ LIVE).mp3,117.45,0.152659774,2239.383532,20.248522,0.091111074,0.620382903,-108.7758331,92.04936981,29.79782295,20.48763847,25.49489594,31.70839691,0.234,0.0227,18.36,0.022672174,4.11,1.4641,0.04053349,-0.028803706,-0.016647426,0.016359362,0.008305246,-0.018290901,1.571,FALSE,FALSE,FALSE,TRUE,3.209,1,0.522,4.336,0.600791276,0.118555933,0.016461611,0.0002,0.0002,0.0001,0.0003,0,0,0.0007,0.0003,0.0002,0.0002,0.0004,0.0002,0.0011,0.0004,0.0004,0.0019,0.0002,0.0022,0.0011,0.0024,0.0008,0.0004,0.0003,0.0001,0.0001,0.0002,0.0001,0.0001,0.0002,0.0002,0.003,0.0001,0.0003,0.0003,0.0001,0.004,0.5435,0.8646,0.8713,0.8674,0.8643,0.8684,0.8629,0.8654,0.86,0.8676,0.8245,0.8202,0.8402,0.8135,E,dorian,E dorian,TRUE
Nouriueno Cracker (AUTHENTIC CHINESE KISSA ＂Ai no Pegasus＂ -SPICY DRAGON OF LOVE - 2024 ⧸ LIVE).mp3,129.2,0.257779181,2504.425048,21.78128843,0.117638029,0.762574337,-5.74074316,86.23828888,22.18160629,-0.652195215,14.35779381,25.60869217,-0.0281,0.016,10.8,0.029875506,3.16,1.161,-0.041487791,0.076415015,0.02516648,-0.011754657,0.004847834,0.004549272,1.315,FALSE,FALSE,FALSE,TRUE,2.298,1,0.591,4.142,0.368643939,0.27281189,0.022332266,0.0005,0.001,0.0001,0.0014,0.0001,0.0001,0.0038,0.0011,0.0004,0.0002,0.0012,0.0003,0.0007,0.0002,0.0001,0.0002,0.0002,0.0082,0.0001,0.0041,0.0031,0.0009,0.0015,0.0003,0.0005,0.0003,0.0002,0.0001,0.0006,0.0003,0.0758,0.0005,0.003,0.0004,0.0001,0.0081,0.5119,0.8858,0.8775,0.8821,0.8873,0.8849,0.8833,0.8785,0.8761,0.8754,0.8322,0.8311,0.8413,0.8324,D#,lydian,D# lydian,TRUE
Open HonkakuCyuukaHazimemashita (AUTHENTIC CHINESE KISSA ＂Ai no Pegasus＂ -SPICY DRAGON OF LOVE....mp3,107.67,0.051859669,1673.768497,24.52884753,0.081157203,0.855492079,-283.3485718,108.2169113,36.72840881,-12.59865284,16.49213028,7.82938385,,0.0247,35.47,0.005756132,1.47,1.0039,0.142836311,-0.059816429,0.005386114,0.049852594,0.018007976,-0.002244298,2.501,FALSE,FALSE,FALSE,TRUE,1.658,1,0.529,4.208,0.241824716,0.391740382,0.002818662,0.0005,0.0002,0.0006,0.0003,0.0001,0.0001,0.0018,0.0908,0.0156,0.0037,0.0321,0.0011,0.0015,0.0003,0.0002,0.0003,0.0004,0.0018,0.0001,0.0008,0.0007,0.0002,0.0003,0.0005,0.0007,0.0008,0.0011,0.0067,0.0035,0.0033,0.0156,0.0006,0.0009,0.0008,0,0.0031,0.4965,0.9028,0.9125,0.8926,0.8929,0.9068,0.9083,0.885,0.8967,0.9008,0.8602,0.8668,0.8877,0.8313,E,dorian,E dorian,TRUE
Phantom Wu Xiang Fen (AUTHENTIC CHINESE KISSA ＂Ai no Pegasus＂ -SPICY DRAGON OF LOVE - 2024 ⧸ LIVE).mp3,129.2,0.19008103,2087.159153,21.51506153,0.089091523,0.72485893,-99.01381683,100.315834,41.60277176,14.7592659,23.29711342,18.63909149,0.6026,0.0144,32.89,0.034693297,2.76,1.2834,-0.079891834,-0.070345396,-0.025292586,-0.04435335,0.01266429,0.014490895,0.975,FALSE,FALSE,FALSE,TRUE,2.308,0.958,0.519,3.896,0.482156456,0.159323886,0.006427154,0.0002,0.0002,0.0002,0.0005,0.0001,0.0001,0.0011,0.0004,0.0007,0.0007,0.0011,0.0005,0.0007,0.0003,0.0003,0.0004,0.0001,0.0049,0.0004,0.0022,0.0036,0.0061,0.0126,0.0001,0.0002,0.0001,0.0002,0.0001,0.0003,0.0001,0.048,0.0005,0.0019,0.0056,0.0001,0.0051,0.5665,0.8978,0.8853,0.8768,0.8909,0.8925,0.8837,0.8774,0.8786,0.8846,0.8474,0.8477,0.8588,0.8229,C#,ionian,C# ionian,TRUE
QUILT (AUTHENTIC CHINESE KISSA ＂Ai no Pegasus＂ -SPICY DRAGON OF LOVE - 2024 ⧸ LIVE).mp3,117.45,0.244992897,2117.537097,22.54873252,0.090806157,0.822884493,-38.0477562,103.132637,27.64779472,6.257362843,14.76565838,26.54271507,-0.0926,0.0148,10.01,0.018955961,2.42,1.1493,-0.030706074,-0.07752529,-0.001243151,-0.056812946,-0.000256897,0.000636641,1.134,FALSE,FALSE,FALSE,TRUE,2.346,1,0.551,4.076,0.409271806,0.255539566,0.013869822,0.0005,0.0005,0.0003,0.0009,0.0001,0.0001,0.0029,0.0027,0.001,0.0005,0.0029,0.0004,0.0009,0.0002,0.0001,0.0001,0.0001,0.0028,0.0001,0.001,0.0008,0.0003,0.0005,0.0001,0.0002,0.0001,0.0001,0.0001,0.0003,0.0002,0.0802,0.0005,0.0022,0.0008,0,0.0027,0.5678,0.8868,0.8789,0.8757,0.8779,0.8849,0.8778,0.8735,0.8752,0.8808,0.83,0.8286,0.8613,0.8153,F#,ionian,F# ionian,TRUE
Seigi (AUTHENTIC CHINESE KISSA ＂Ai no Pegasus＂ -SPICY DRAGON OF LOVE - 2024 ⧸ LIVE).mp3,161.5,0.221097127,2215.656638,22.02623449,0.105397612,0.749541587,-72.72703552,91.13928986,30.40627861,0.570508063,19.20442963,25.87199974,0.6527,0.0194,30.01,0.038444124,2.5,1.0885,0.061914794,-0.11155233,-0.077350966,-0.027560185,-0.001316834,-0.001206759,1.475,FALSE,FALSE,FALSE,TRUE,2.328,1,0.583,3.822,0.441305816,0.240967914,0.017340748,0.0005,0.0008,0.0001,0.001,0.0001,0.0001,0.0028,0.0046,0.0009,0.0005,0.0026,0.0004,0.0007,0.0002,0.0002,0.0002,0.0001,0.0047,0.0001,0.0027,0.0018,0.0006,0.0011,0.0002,0.0004,0.0002,0.0001,0.0012,0.0005,0.0014,0.0497,0.0005,0.0026,0.0005,0.0001,0.0051,0.5324,0.8967,0.886,0.8961,0.8842,0.8926,0.8979,0.887,0.8914,0.8765,0.8479,0.8488,0.8711,0.8391,F#,aeolian,F# aeolian,TRUE
Time Left (AUTHENTIC CHINESE KISSA ＂Ai no Pegasus＂ -SPICY DRAGON OF LOVE - 2024 ⧸ LIVE).mp3,143.55,0.258576095,2329.648559,21.23963005,0.101159645,0.738560142,-19.11210632,90.33586121,27.14213371,2.537475824,16.90035057,34.68138885,0.1172,0.0203,8.6,0.028154252,2.65,1.1613,0.08849433,-0.007629928,0.02661757,0.026840386,0.01207218,-0.012804996,1.171,FALSE,FALSE,FALSE,TRUE,2.85,1,0.556,4.05,0.462739766,0.218019068,0.019095203,0.001,0.0032,0.0002,0.0138,0.0003,0.0004,0.0109,0.0016,0.0007,0.0006,0.0022,0.0005,0.0007,0.0002,0.0002,0.0002,0.0001,0.0293,0.0002,0.0168,0.0111,0.0034,0.0053,0.0002,0.0002,0.0002,0.0002,0.0001,0.0003,0.0001,0.0601,0.0008,0.0012,0.0008,0.0001,0.0268,0.4154,0.8823,0.8843,0.8818,0.8777,0.8792,0.8864,0.8754,0.8765,0.8777,0.8416,0.8405,0.8692,0.8208,E,aeolian,E aeolian,TRUE
Truth in Lies (AUTHENTIC CHINESE KISSA ＂Ai no Pegasus＂ -SPICY DRAGON OF LOVE - 2024 ⧸ LIVE).mp3,152,0.250154167,2523.85633,21.61154543,0.118363439,0.762064085,-24.16405678,84.31717682,29.6506443,4.389303684,17.30075645,26.16230774,-0.6981,0.0155,19.6,0.039199986,2,1.1532,0.083406031,-0.090443501,-0.018205767,-0.056097343,0.008905023,-0.005459742,1.013,FALSE,FALSE,FALSE,TRUE,2.612,1,0.58,3.895,0.395568609,0.241486043,0.023392687,0.0008,0.001,0.0001,0.0014,0.0001,0.0001,0.0044,0.0007,0.0004,0.0002,0.0007,0.0003,0.0007,0.0002,0.0001,0.0002,0.0001,0.0039,0.0001,0.0013,0.0009,0.0004,0.0007,0.0001,0.0001,0.0001,0.0001,0.0001,0.0003,0.0001,0.065,0.0005,0.0033,0.0004,0.0001,0.0036,0.5364,0.891,0.8911,0.8954,0.8842,0.8935,0.8946,0.8805,0.8901,0.8865,0.8503,0.8518,0.8641,0.8289,F#,phrygian,F# phrygian,TRUE
Yoruno Piikutime (AUTHENTIC CHINESE KISSA ＂Ai no Pegasus＂ -SPICY DRAGON OF LOVE - 2024 ⧸ LIVE).mp3,80.75,0.235978425,2613.818298,20.02774449,0.124395525,0.705958056,-12.42669868,80.63722229,26.09640884,3.397892952,14.2907753,29.53900146,0.2774,0.0222,18.35,0.040578894,3.76,1.0498,-0.032539121,0.079144207,-0.100277621,0.038963321,-0.021116304,-0.006070945,1.322,FALSE,FALSE,FALSE,TRUE,3.315,0.958,0.531,4.132,0.522391438,0.141550213,0.036613502,0.0002,0.0005,0,0.0015,0,0,0.0017,0.0001,0.0001,0.0001,0.0003,0.0001,0.0003,0.0001,0.0001,0.0004,0,0.06,0.0003,0.0391,0.021,0.0066,0.0127,0,0,0,0,0,0.0001,0,0.0008,0,0,0,0,0.0626,0.3151,0.8877,0.8858,0.8913,0.885,0.8875,0.8947,0.8721,0.8949,0.886,0.8456,0.8305,0.857,0.8589,F,harmonic_minor,F harmonic_minor,TRUE
