filename,year,duration_sec,bpm,rms_energy,spectral_centroid,spectral_rolloff,spectral_contrast,spectral_bandwidth,zero_crossing_rate,harmonic_ratio,mfcc_1_mean,mfcc_1_std,mfcc_2_mean,mfcc_2_std,mfcc_3_mean,mfcc_3_std,mfcc_4_mean,mfcc_4_std,mfcc_5_mean,mfcc_5_std,mfcc_6_mean,mfcc_6_std,mfcc_7_mean,mfcc_7_std,mfcc_8_mean,mfcc_8_std,mfcc_9_mean,mfcc_9_std,mfcc_10_mean,mfcc_10_std,mfcc_11_mean,mfcc_11_std,mfcc_12_mean,mfcc_12_std,mfcc_13_mean,mfcc_13_std,chroma_C,chroma_C#,chroma_D,chroma_D#,chroma_E,chroma_F,chroma_F#,chroma_G,chroma_G#,chroma_A,chroma_A#,chroma_B,lyrical_sentiment,views,theme_loneliness,theme_regret,theme_escapism,theme_dreams_and_fantasy,theme_identity_and_self,theme_love_and_attachment,theme_anxiety_and_dread,theme_defiance_and_rebellion,theme_melancholy_and_resignation,theme_hope_and_yearning,theme_nostalgia_and_memory,theme_alienation_and_disconnect,emotion_sadness,emotion_anger,emotion_fear,emotion_joy,emotion_tenderness,emotion_bitterness,emotion_longing,emotion_numbness
ずっと真夜中でいいのに。『秒針を噛む』MV (ZUTOMAYO – Byoushinwo Kamu).mp3,2018,272.08,129.2,0.281397581,2453.916878,5273.821956,21.70397312,2496.127715,0.107496463,0.742878618,-28.76181221,134.1985626,74.03678894,31.00115776,-4.217651844,17.24782753,24.07515144,13.57738686,7.798727036,10.44204998,6.392969131,11.11278057,5.822606564,9.114269257,8.458790779,8.488473892,5.033998013,8.441150665,4.956629276,7.347522259,-0.645735383,7.48106432,3.026468277,7.264239788,-2.203244925,7.05790329,0.44345358,0.543141484,0.43249765,0.528189421,0.582848907,0.412043571,0.496596605,0.533381283,0.696848452,0.568152785,0.425761282,0.505941391,-0.5114,152475333,0.234976694,0.335078835,0.535705805,0.423279226,0.691341102,0.334372044,0.377942353,0.529628336,0.133302346,0.402861923,0.482916802,0.128525138,0.10208071,0.247532398,0.232146919,0.547826946,0.30030933,0.050517671,0.336903512,0.073762961
ずっと真夜中でいいのに。『お勉強しといてよ』MV (ZUTOMAYO – STUDY ME).mp3,2020,288.96,129.2,0.293454736,2241.70906,4866.682989,22.2184479,2493.852539,0.089420089,0.710229555,-44.42679977,120.9096909,83.2275238,31.23365211,4.982645512,19.40365028,28.69902802,14.91980267,11.51124954,11.46091175,8.745635986,11.01387501,4.847379208,9.883386612,0.531467438,8.590865135,5.257627964,9.195383072,2.80999732,7.799898624,-3.929918528,8.418857574,1.921661139,7.969860554,-2.733538866,8.134886742,0.605970323,0.434762329,0.478441149,0.520908117,0.423892111,0.499272496,0.422158152,0.604347706,0.516903579,0.422855526,0.488934427,0.457254022,-0.1936,93605048,0.542620957,0.363025635,0.315920562,0.284339964,0.548794448,0.130824968,0.276934892,0.20450072,0.362799883,0.621756256,0.493896753,0.219672143,0.536312938,0.306196302,0.309754014,0.040389068,0.059811477,0.142798766,0.174059004,0.251785666
ずっと真夜中でいいのに。『暗く黒く』MV（ZUTOMAYO – DARKEN）.mp3,2021,258.01,95.7,0.226293847,2494.845052,5048.990633,22.25815418,2476.447438,0.119302946,0.627505066,-75.51125336,140.1988068,72.13829803,31.63411713,-8.789629936,20.79121971,26.78181267,17.87758064,8.010607719,12.83801556,-1.837480426,15.38790798,2.893745661,9.48060894,-1.091466784,12.2042532,3.745143175,10.03509331,-2.946775675,9.934653282,-5.500825405,10.46626377,1.533818483,10.51821327,-2.012353182,9.895799637,0.627736509,0.474590838,0.467185527,0.523196936,0.406214148,0.507327855,0.48948428,0.63468045,0.582659662,0.436891615,0.484793752,0.416716635,-0.4112,66485972,0.610685647,0.878783107,0.60641104,0.243383825,0.769578516,0.232310131,0.51189959,0.67161864,0.760353208,0.690193772,0.595257282,0.700497985,0.690402567,0.586434007,0.522689521,0.345836759,0.287767828,0.311989963,0.635674894,0.642684877
ずっと真夜中でいいのに。『正しくなれない』MV（ZUTOMAYO – Can’t Be Right）.mp3,2020,240.9,117.45,0.271781027,2286.964576,4912.65449,22.96912933,2503.998233,0.095437735,0.786826183,-50.90080261,95.49497986,86.93732452,32.01919937,-3.458695889,18.50479889,24.86702538,13.7011795,15.62497711,11.38763237,14.54627705,12.15667534,4.600955486,9.771099091,0.428597987,11.05497265,6.813872814,10.06543541,4.155307293,9.277197838,0.751751959,8.838334084,2.229910612,9.30711174,-0.773603797,8.401712418,0.576985478,0.386471629,0.456698149,0.335877836,0.44838056,0.503179789,0.348520637,0.479119033,0.346200585,0.525766432,0.532948077,0.460311383,-0.3309,59516594,0.188361302,0.28091526,0.306994349,0.200939611,0.613062799,0.436982363,0.207515672,0.228393063,0.082845628,0.302288085,0.319439769,0.097004771,0.237222344,0.305619597,0.267312527,0.467696488,0.469094604,0.225800499,0.273198515,0.167490825
ずっと真夜中でいいのに。『TAIDADA』MV (ZUTOMAYO - TAIDADA)【ダンダダン MAD】.mp3,2024,226,143.55,0.317508757,2535.319603,5441.170988,21.38027015,2647.951278,0.114730192,0.618691551,-5.205358982,94.07323456,79.52082825,27.97529984,5.46687603,20.22451019,28.93080711,15.11301613,8.873900414,11.45965958,11.04675674,11.23695946,5.472706318,8.923894882,1.88691473,8.940907478,4.3013134,9.195750237,3.665911674,8.203418732,-2.474025488,8.270350456,0.835680544,7.814535618,0.185754344,7.892395973,0.549889445,0.533964336,0.605922043,0.674482703,0.546171725,0.587288439,0.564050496,0.615946174,0.522463918,0.520993114,0.62827754,0.520371795,-0.2187,49110379,0.858777821,0.712544799,0.914710701,0.687800348,0.850623786,0.661376357,0.776517034,0.758465886,0.802671552,0.497497559,0.680347919,0.841011226,0.76600939,0.76731962,0.888468802,0.475300878,0.604694366,0.728571415,0.792464256,0.659309208
ずっと真夜中でいいのに。『あいつら全員同窓会』MV (ZUTOMAYO - Inside Joke).mp3,2021,255.18,129.2,0.259484082,2596.424468,5272.760406,22.54640575,2548.652245,0.129488144,0.682685894,-28.89268684,96.1103363,75.6505661,28.9146843,-4.013165951,17.35868645,30.23319435,16.40535545,2.774935961,10.29106426,1.322442055,11.20362091,0.307923168,8.516181946,-3.727698803,9.498196602,-0.502455294,9.616722107,-3.593966484,8.392106056,-7.16104269,8.698662758,0.853399158,9.431557655,-3.066496611,8.830677986,0.506256163,0.412158161,0.601743102,0.492656976,0.515136659,0.579685926,0.492578536,0.5752846,0.447064281,0.52797538,0.559637547,0.421378553,-0.4769,44952437,0.471709937,0.361615509,0.394900799,0.042285025,0.550003231,0.27265352,0.064623967,0.152095199,0.114932306,0.112429447,0.372505158,0.340923935,0.123510905,0.081082113,0.070977025,0.044389993,0.054954555,0.048518546,0.063048311,0.398055404
ずっと真夜中でいいのに。『脳裏上のクラッカー』MV.mp3,2018,268.76,129.2,0.303691804,2389.054918,4828.945907,22.6716171,2447.204379,0.108948139,0.743154208,-27.48417664,97.86782837,84.32725525,27.8013401,-8.613706589,20.28272057,29.89937019,17.49120331,3.957997322,11.09364033,3.36684227,13.79205322,5.749861717,9.733613014,-1.178549409,9.882122993,3.211315155,9.099656105,1.798753738,9.208312988,-4.112622261,9.33874321,2.346540213,10.06217194,-2.08125639,9.307590485,0.503217697,0.387719095,0.433999062,0.486439943,0.452558041,0.55586493,0.549828887,0.550634682,0.462737679,0.475384563,0.521673799,0.401211947,-0.0186,40088836,0.665736616,0.528290033,0.962391376,0.44456479,0.806490958,0.440469265,0.502441406,0.666822314,0.463687062,0.583559394,0.62977463,0.744005859,0.103657849,0.511228561,0.376050115,0.68597579,0.37501955,0.540923893,0.60112536,0.46708867
ずっと真夜中でいいのに。『残機』MV (ZUTOMAYO - Time Left).mp3,2022,233.72,143.55,0.11854849,2432.843536,5314.01632,21.13945341,2601.017022,0.107672079,0.653458169,-107.4438477,112.8501816,86.20934296,29.6967926,6.689055443,17.88658524,20.31896782,14.51341152,4.028804779,10.29918575,8.013754845,11.11267853,0.84958452,9.593146324,2.513077736,8.778214455,1.278687,8.545895576,-0.417149156,8.626367569,2.426271677,8.936988831,2.088046074,8.96714592,-3.738536596,9.283930779,0.485206574,0.4647789,0.629176736,0.534856081,0.703346908,0.472253293,0.509887397,0.584824085,0.46156165,0.518937588,0.392613798,0.545896769,0.1312,35809920,0.739328325,0.775222123,0.818573713,0.60818696,0.77628392,0.335895211,0.763042629,0.796737611,0.744424164,0.6967327,0.714229524,0.765352368,0.896727145,0.793886006,0.77864933,0.569014668,0.82150352,0.672331691,0.79910934,0.863449156
Time Left.mp3,2022,230.07,143.55,0.289561927,2527.091651,5501.132538,21.42240305,2675.440772,0.113522951,0.653319138,-13.24675846,96.64085388,87.28712463,27.88726616,6.820885658,17.97970772,20.65827751,14.40057564,4.097387791,10.32075024,8.136254311,11.14620972,0.85224092,9.656702995,2.567731142,8.816662788,1.273508191,8.609595299,-0.434639484,8.663832664,2.478924274,9.005675316,2.132955313,9.028238297,-3.817096233,9.292584419,0.489942551,0.468405753,0.637226343,0.541463137,0.710086882,0.477482408,0.510491014,0.590486884,0.46573019,0.518004835,0.395292759,0.550381601,-0.0496,35809773,0.795737445,0.80937016,0.848996639,0.78317076,0.83009541,0.48901546,0.813553393,0.806490898,0.787645459,0.781278431,0.83689642,0.782033741,0.857797861,0.75032413,0.745953977,0.570450962,0.804895222,0.655832112,0.822532415,0.894144177
ずっと真夜中でいいのに。『MILABO』MV (ZUTOMAYO – MILABO).mp3,2020,266.38,129.2,0.267175376,2337.571112,4790.432935,22.98302149,2431.184303,0.11002756,0.564203272,-36.14944839,87.41912842,88.52907562,30.85585022,-11.10422993,19.39248657,24.49905968,14.35443592,9.223676682,12.52623558,3.53723073,12.0353241,0.502226233,9.850536346,-1.042417288,10.79933071,-0.59517765,9.999080658,-0.614719391,9.17161274,-4.102762222,8.89084816,0.190133408,8.926909447,-2.771468163,8.515274048,0.481206179,0.634125233,0.517198384,0.62836802,0.478155911,0.534569919,0.618184805,0.475370198,0.594687343,0.498480648,0.700008035,0.563396275,-0.6627,33017200,0.757256269,0.750918269,0.871939003,0.495117307,0.724480569,0.563377917,0.590188861,0.830344915,0.733976543,0.497802734,0.805708587,0.820855737,0.683472335,0.527803302,0.817187309,0.842571855,0.525125325,0.407922953,0.549157143,0.718668461
ずっと真夜中でいいのに。『勘冴えて悔しいわ』MV (ZUTOMAYO - Kansaete Kuyashiiwa).mp3,2021,243.3,152,0.296875238,2669.532409,5796.174625,21.96890632,2765.542305,0.123323889,0.588363852,-13.23235798,112.6102295,76.24578094,26.24279022,5.801332474,16.30090714,25.97874832,15.28816319,9.500307083,10.25804424,2.148738384,10.98326969,7.386315823,8.83013916,0.67102772,10.33675861,3.943608284,9.080677986,-1.261529326,7.967742443,-4.972047806,7.920833111,3.211323023,8.250537872,-2.344242096,7.43723774,0.727489948,0.551850677,0.635315597,0.499952286,0.542574227,0.566318095,0.503922999,0.568769038,0.518171966,0.655663848,0.565431058,0.526158929,-0.6949,29715993,0.629660726,0.560372949,0.591251314,0.511960566,0.634996116,0.116718382,0.469033808,0.519155681,0.467210203,0.378459096,0.444323629,0.57928139,0.838943839,0.752063811,0.575588048,0.064535484,0.101500347,0.456409752,0.29241845,0.375362962
Kan Saete Kuyashiiwa.mp3,2019,236.03,152,0.318089157,2705.683241,5923.844553,21.90236328,2816.05079,0.122473859,0.588128901,5.567864418,78.60607147,78.12438202,23.05073166,6.123911381,16.39512634,26.78045654,14.61639786,9.884505272,10.11861897,2.196658611,11.10206223,7.342670918,8.888635635,0.415197879,10.31928349,4.07152319,9.155469894,-1.150266528,7.920464993,-5.076527119,7.951735973,3.362091541,8.286251068,-2.484444857,7.464574337,0.7208004,0.557322562,0.646563709,0.511419833,0.551674068,0.571390867,0.510378361,0.574502468,0.524483442,0.667123973,0.572497368,0.530617416,-0.6949,29715864,0.629660726,0.560372949,0.591251314,0.511960566,0.634996116,0.116718382,0.469033808,0.519155681,0.467210203,0.378459096,0.444323629,0.57928139,0.838943839,0.752063811,0.575588048,0.064535484,0.101500347,0.456409752,0.29241845,0.375362962
ずっと真夜中でいいのに。『ヒューマノイド』MV.mp3,2018,259.39,161.5,0.305775136,2567.444267,5487.602475,22.01960954,2643.79827,0.116778283,0.654675756,-9.811923981,96.46302795,79.16305542,25.29339409,1.363197088,17.4229126,21.75428581,16.89614487,3.174879789,12.18938732,5.709291935,11.90947247,1.058012247,9.974258423,-0.711053908,10.70821953,1.344402671,9.113617897,1.343467593,8.911830902,-2.662503004,8.010756493,0.434988141,8.754558563,-2.129278421,7.711268425,0.494038403,0.65629077,0.502049387,0.615967512,0.636347115,0.576772869,0.615878046,0.517729759,0.636225402,0.491058797,0.428639203,0.524999142,-0.6095,29124355,0.179602459,0.269710124,0.399255216,0.108330369,0.240284026,0.060612742,0.303786665,0.250568807,0.127815828,0.123524129,0.35807243,0.444112659,0.455501318,0.323901176,0.46034953,0.067546695,0.203747123,0.175008684,0.175361484,0.179243028
ずっと真夜中でいいのに。『ハゼ馳せる果てるまで』MV.mp3,2019,245.85,136,0.298523098,2467.248575,5264.706482,22.38973531,2593.207561,0.110208371,0.627977683,-31.64998055,98.80566406,79.08552551,28.80485153,2.957588434,18.31075859,28.31141663,15.10570621,10.55395699,10.77044773,6.847233295,12.62114048,5.639557838,9.690846443,0.992286205,10.63354397,0.598590314,8.786994934,-2.363420248,8.78486824,-6.695215702,8.80683136,2.145576715,9.469660759,-4.021903992,9.291388512,0.503207564,0.424612045,0.595467746,0.529560447,0.4663845,0.56247586,0.550028145,0.674812376,0.59227711,0.607067823,0.694292903,0.467764348,-0.5368,24961714,0.894927323,0.545648873,0.853096187,0.282146752,0.70038271,0.102450535,0.551573753,0.774668634,0.832883298,0.312894672,0.390475839,0.925145447,0.888299346,0.485233754,0.783056736,0.073164724,0.337148964,0.381219566,0.290729135,0.702032387
Haze Haseru Haterumade.mp3,2019,244.71,136,0.302040815,2492.681472,5323.129791,22.42245067,2615.607275,0.111313299,0.628473542,-28.7233963,94.81228638,79.26097107,28.29987717,3.054333448,18.30291939,28.40252304,14.96702671,10.71860218,10.73164177,7.035770416,12.60928535,5.740565777,9.690117836,0.945341766,10.62876129,0.396725148,8.759046555,-2.458627939,8.785272598,-6.619740486,8.820782661,2.16933322,9.484523773,-4.180618763,9.321079254,0.504243791,0.425321788,0.59777528,0.530332804,0.468223214,0.563548625,0.551779568,0.674652994,0.592106819,0.60762316,0.695539534,0.468714923,-0.4722,24961638,0.935464501,0.595610142,0.893901348,0.285820276,0.721510291,0.221771732,0.535341382,0.837354124,0.685528517,0.300848275,0.401335806,0.941788137,0.771477878,0.640242279,0.733069837,0.197792873,0.446736097,0.488649368,0.399811685,0.747621715
ずっと真夜中でいいのに。『勘ぐれい』MV（ZUTOMAYO – Hunch Gray）.mp3,2020,249.78,123.05,0.303992003,2045.269036,4633.008364,21.9325621,2511.407214,0.068289115,0.713174463,-74.91254425,105.1507568,87.40598297,30.56690025,15.64059258,18.0886898,36.10422516,16.98062134,15.86063576,12.22026348,21.45123672,13.11885357,7.552258968,9.62273407,7.617786407,10.64965248,8.371239662,9.584430695,3.549173355,9.050040245,-1.19477272,8.890932083,1.238454223,9.03690815,-0.707351387,8.406711578,0.4654769,0.587183774,0.53569591,0.6432271,0.524736583,0.584813893,0.689399481,0.625626326,0.675872922,0.508966327,0.594869971,0.498705029,-0.6482,24495067,0.482794881,0.372647911,0.569732964,0.620104134,0.705987751,0.141930595,0.47025001,0.504211307,0.243327633,0.413003564,0.764511347,0.454593211,0.478772551,0.348427713,0.578150511,0.100701593,0.231136605,0.260483503,0.442094475,0.189258724
ずっと真夜中でいいのに。『綺羅キラー (feat. Mori Calliope)』MV (ZUTOMAYO – Kira Killer).mp3,2022,253.18,143.55,0.121040352,2448.394559,5004.054548,21.60360806,2463.813842,0.123781402,0.648789336,-86.79935455,83.72749329,87.94254303,26.24264717,-14.15094948,24.68350601,23.41521835,15.6553812,3.040818691,13.04657936,3.981624365,10.9184742,4.316427708,8.893705368,-1.729731083,9.495976448,1.912584424,8.712124825,2.079828024,7.926094532,-4.557579994,7.745978355,-0.585309267,7.928524017,-3.742816687,7.757144928,0.523594797,0.523891747,0.639798045,0.594156981,0.5534904,0.602144063,0.510739565,0.610658824,0.461914212,0.493498921,0.531794369,0.43933019,-0.6521,24141910,0.468441039,0.653403401,0.496948242,0.242609143,0.614108384,0.204619914,0.325440139,0.460713476,0.318485141,0.318008393,0.417212129,0.547464073,0.497436553,0.48849687,0.598539531,0.250821024,0.2084205,0.424918979,0.509291589,0.249264464
Kira Killer.mp3,2022,253.07,143.55,0.307893783,2494.689703,5085.148206,21.63079355,2490.287996,0.127776694,0.647887072,6.01291132,83.23203278,87.78891754,26.16309166,-14.28843689,24.61627007,23.29959679,15.56384659,3.030634642,12.9859066,3.989432335,10.87938023,4.270534992,8.818653107,-1.66027379,9.466902733,1.880147815,8.645353317,2.069279194,7.846957684,-4.523890495,7.659894466,-0.574457049,7.869674683,-3.72743988,7.699073792,0.526474655,0.526038468,0.641905367,0.596301317,0.554870844,0.602482975,0.511328101,0.611292064,0.461985558,0.493989438,0.533552289,0.441089809,-0.2034,24141769,0.478437424,0.690037131,0.386166453,0.06319268,0.172799096,0.03725677,0.263741612,0.354684472,0.572663009,0.07120274,0.669879794,0.568999648,0.844473124,0.675122321,0.350421399,0.011755131,0.024399832,0.784731746,0.200401157,0.633353591
ずっと真夜中でいいのに。『ミラーチューン』MV (ZUTOMAYO - MIRROR TUNE).mp3,2022,253.89,129.2,0.293074787,2472.340238,5150.358193,22.1974193,2493.444108,0.123617809,0.598409804,-18.4892807,102.8084717,80.0987854,28.33122063,-3.933992147,20.31921387,23.86758614,15.82407475,0.553082287,12.01596546,6.611069679,11.81942654,1.713997483,9.469930649,2.007682562,10.07209015,0.554816306,9.415063858,-0.757637799,8.927902222,-3.796137333,9.108585358,-1.605686665,9.654479027,-0.561064124,8.950730324,0.572203279,0.565987289,0.659540176,0.526454687,0.497173548,0.608044446,0.561616361,0.599950433,0.528030038,0.544493854,0.601458132,0.497809231,0.0192,23687217,0.668582737,0.668366373,0.611555994,0.836120129,0.820127606,0.805058122,0.679417968,0.713481545,0.71789968,0.748854816,0.583440721,0.537709057,0.427635729,0.635703146,0.756503761,0.636494339,0.621985912,0.570450962,0.69974196,0.42996785
MIRROR TUNE.mp3,2022,249.27,129.2,0.29199338,2576.33218,5350.041249,22.39174889,2572.012678,0.130821535,0.59841218,-11.49264336,81.41861725,81.25247192,26.31331635,-3.904652357,20.4598465,24.27457619,15.63056278,0.550717056,12.09833717,6.733915806,11.87586117,1.744868279,9.530273438,2.066728115,10.12392807,0.533486962,9.492050171,-0.803955615,8.994364738,-3.878204107,9.164136887,-1.640755057,9.732187271,-0.577720761,9.020798683,0.57774663,0.571048677,0.668193996,0.534389853,0.50547415,0.615629911,0.565906942,0.604881823,0.533773959,0.548131704,0.609843016,0.503877938,0.0192,23687104,0.668582737,0.668366373,0.611555994,0.836120129,0.820127606,0.805058122,0.679417968,0.713481545,0.71789968,0.748854816,0.583440721,0.537709057,0.427635729,0.635703146,0.756503761,0.636494339,0.621985912,0.570450962,0.69974196,0.42996785
ずっと真夜中でいいのに。『眩しいDNAだけ』MV.mp3,2019,237.25,107.67,0.277115583,2275.817428,4823.956969,21.73216633,2424.980255,0.100210528,0.687148087,-57.21531296,149.3083038,84.84993744,36.38518524,1.628031969,20.63373184,21.72865677,16.41354752,5.058669567,11.20551682,0.98846674,11.94074059,-2.326681137,10.75694752,-1.90130353,10.13072777,0.592836678,9.916061401,-0.119088821,8.522990227,-5.518536091,8.358984947,-1.273495555,8.323245049,-4.505294323,7.657280445,0.513327718,0.502732217,0.561676741,0.464068621,0.565787017,0.480729371,0.565796196,0.593422353,0.48292914,0.499048561,0.439589471,0.537050009,-0.5853,20728834,0.752103627,0.568296075,0.671685994,0.189736813,0.456046373,0.307461977,0.463201433,0.389082164,0.527681649,0.396301776,0.390708297,0.732544005,0.534855545,0.4390257,0.662796497,0.063134901,0.231483907,0.36999774,0.428472549,0.600539863
ずっと真夜中でいいのに。『メディアノーチェ』MV (ZUTOMAYO - Medianoche).mp3,2026,239.02,86.13,0.115054391,2368.145957,5137.270234,20.92699561,2581.756745,0.102161586,0.636945839,-119.9225159,130.1086578,86.03559113,30.97047234,-3.236594915,21.63117027,14.86473465,15.08496571,10.45863247,9.560583115,2.793325424,11.04963589,7.445989609,9.152240753,-3.799107075,10.60096645,2.56675601,9.006313324,0.662413776,9.317562103,-5.234037876,8.686567307,-0.851355195,8.653715134,-1.040516973,8.473299026,0.468851358,0.529223442,0.437807798,0.497307658,0.476852447,0.670964777,0.597869515,0.515093327,0.583729625,0.507885098,0.619070351,0.439578861,0.447,17947532,0.144480497,0.206133917,0.298836559,0.441552639,0.415610224,0.363082111,0.027532943,0.224395186,0.033431359,0.172380745,0.497680694,0.049451131,0.081812717,0.192008525,0.083441168,0.123629913,0.053009767,0.065097816,0.145600632,0.079710357
ずっと真夜中でいいのに。『嘘じゃない』MV (ZUTOMAYO – Truth In Lies).mp3,2024,273.8,152,0.274703056,2228.202019,4817.906286,21.55634232,2417.797631,0.099908091,0.676494343,-48.58887482,143.5128937,87.36997223,37.27573776,4.432844639,16.84454918,18.08966827,13.92013073,1.407994747,9.766106606,4.871266842,10.6594305,0.39722687,7.957252026,-1.056320071,9.295820236,-0.075565457,8.444478035,0.301323742,7.659894466,-6.692238331,8.668416977,-1.87185216,8.246318817,-2.676874638,7.2573452,0.34846577,0.536580145,0.57766813,0.486655623,0.590330601,0.430968076,0.592463017,0.439978182,0.501640737,0.599151909,0.372754425,0.473944187,-0.7103,17849976,0.080429666,0.189296201,0.446766198,0.08203306,0.154886633,0.017627543,0.120077208,0.199152201,0.410047382,0.035078678,0.065425478,0.200322926,0.884837747,0.154886633,0.124585308,0.015058138,0.153042153,0.132346243,0.065485202,0.186095059
Truth In Lies.mp3,2024,258.63,152,0.28422913,2414.947723,5197.071148,22.30288873,2593.769427,0.110541194,0.675678239,-24.63129044,96.93984985,92.46299744,31.54011536,4.699764252,17.29289818,19.15098763,13.55053329,1.513940454,10.0713768,5.141282082,10.91309261,0.400768518,8.191369057,-1.113129139,9.545804024,-0.071834952,8.726428032,0.312723994,7.877272129,-7.081857681,8.736790657,-1.952005744,8.464453697,-2.83210063,7.421431541,0.361973166,0.559517264,0.608238041,0.512911737,0.624028802,0.453638434,0.62110734,0.460902035,0.523341894,0.626515567,0.391790152,0.499689996,-0.7103,17849879,0.080429666,0.189296201,0.446766198,0.08203306,0.154886633,0.017627543,0.120077208,0.199152201,0.410047382,0.035078678,0.065425478,0.200322926,0.884837747,0.154886633,0.124585308,0.015058138,0.153042153,0.132346243,0.065485202,0.186095059
ずっと真夜中でいいのに。『正義』MV.mp3,2019,279.85,123.05,0.263192087,2597.02082,5437.394624,22.05338476,2577.303103,0.123598637,0.684116398,-50.09906387,140.3046722,71.4020462,31.36327934,1.459918737,17.8162384,25.65266609,15.65179729,6.248527527,10.71710205,3.850160599,9.822680473,4.798158646,10.01743126,4.16335535,9.465291023,1.723489165,8.549940109,0.332694471,8.498558998,-2.820511818,8.031310081,2.429069757,8.594732285,-2.227861404,8.329239845,0.423664868,0.597157419,0.5456146,0.455287904,0.649329603,0.480348885,0.584017813,0.436842501,0.46525687,0.526139617,0.4230389,0.50225085,0.4149,16168261,0.320076972,0.452535957,0.512082577,0.190563917,0.495971769,0.316686183,0.217088461,0.42521736,0.236494213,0.07716921,0.595727801,0.152158171,0.231093213,0.255343646,0.24213843,0.190761715,0.21364364,0.205316111,0.218335837,0.393705517
ずっと真夜中でいいのに。『ばかじゃないのに』MV (ZUTOMAYO - Stay Foolish).mp3,2021,258.73,152,0.266295701,2437.467391,5108.992547,22.0130953,2511.948752,0.108390243,0.673319957,-38.20754242,105.7073441,80.2582016,28.45808983,1.264422059,20.42778778,33.83787918,15.53005791,8.89690876,12.33242989,9.983190536,11.56873894,2.739121675,9.5678339,5.431054115,8.855359077,2.301432133,8.656964302,-0.544012189,8.154080391,-4.389053822,7.929166794,0.889484704,9.469249725,-0.369281709,8.487499237,0.55055213,0.402419776,0.530477524,0.446506321,0.669093966,0.621278822,0.548657596,0.57867986,0.447506011,0.578355432,0.450096458,0.491392732,-0.0656,14363482,0.413891673,0.592401326,0.499633759,0.19398579,0.540438831,0.449392617,0.335459739,0.417627752,0.754168928,0.382833421,0.476701409,0.414513677,0.870046139,0.386155605,0.389488459,0.389169216,0.595962942,0.299963176,0.338213682,0.281553745
Stay Foolish.mp3,2021,256.44,152,0.269073457,2489.304353,5207.623068,22.12219358,2550.784304,0.111640795,0.672338071,-33.5496521,97.13362885,80.72541809,27.57009697,1.323718309,20.52526474,34.0709877,15.27291489,8.963588715,12.30601788,10.06641483,11.5606041,2.760962963,9.588400841,5.466616154,8.849226952,2.280051947,8.678465843,-0.559019566,8.179390907,-4.442294598,7.945003986,0.893670261,9.493480682,-0.379495651,8.490902901,0.551285684,0.39787367,0.53175807,0.445486873,0.671329975,0.624247432,0.552352726,0.583602011,0.449699193,0.580095708,0.451411098,0.493150979,0.0538,14363449,0.18598412,0.401218504,0.334317714,0.221224487,0.372334003,0.170905471,0.261519492,0.269710124,0.598385513,0.250614613,0.277558625,0.119202919,0.717630684,0.097218841,0.13632068,0.129622936,0.318048149,0.040049795,0.144239247,0.165121406
ずっと真夜中でいいのに。『こんなこと騒動』MV.mp3,2019,300.52,172.27,0.266528815,2317.473441,5004.671272,22.58522582,2561.539845,0.095666569,0.635478033,-69.25526428,111.0275269,84.47415924,31.31403923,6.457697868,21.26371574,27.34674835,16.85827255,11.16012287,13.09049606,7.78837204,13.7039423,8.552146912,11.47670841,2.248356581,11.82622051,2.943356752,10.55517197,-2.322369576,10.25210094,-4.856816769,10.11604595,2.060140848,10.17520046,-1.437605023,9.336513519,0.530710101,0.542886972,0.544829905,0.603293359,0.557135344,0.527496755,0.495310009,0.514874458,0.507417083,0.451818198,0.520599425,0.46589911,-0.4704,12234241,0.22225669,0.895271182,0.392686099,0.303061038,0.825008929,0.254787028,0.414780289,0.173428148,0.787267506,0.727927029,0.41134733,0.036562502,0.951549053,0.44492653,0.233810201,0.080465786,0.314787358,0.277864754,0.30891946,0.174938217
Konnakoto Soudou.mp3,2019,297.87,172.27,0.270499825,2409.82787,5223.578428,22.64836245,2626.838126,0.100211153,0.6334919,-63.03642654,105.8328934,82.64833832,30.69497681,7.43572855,21.34461403,27.14610672,16.74274635,11.45735168,13.1258297,7.923614979,13.71233559,8.787705421,11.52815533,2.150924444,11.87158489,2.879421711,10.63235569,-2.35103631,10.29248905,-4.754785061,10.17287636,2.043885946,10.21411324,-1.544367433,9.379504204,0.531685293,0.543600917,0.547174931,0.607162237,0.561147988,0.530905843,0.495751739,0.514835417,0.506993294,0.449722737,0.520720899,0.466285408,-0.6011,12234231,0.253445029,0.803164124,0.577376246,0.289170891,0.713132083,0.220678151,0.353930503,0.378688812,0.637482285,0.617281973,0.477554113,0.141815409,0.734500587,0.451205581,0.372961849,0.23265864,0.298849314,0.259590954,0.405095667,0.287903905
ずっと真夜中でいいのに。『海馬成長痛』MV (ZUTOMAYO – Hippocampal Pain).mp3,2024,194.79,143.55,0.121468358,2457.929574,5146.672951,21.23709866,2442.87991,0.112255743,0.683685002,-102.8018341,118.4152069,76.31491089,29.28685188,-6.376441956,19.35153961,33.20971298,20.32248116,1.98871398,11.84619331,16.49034309,11.79663467,4.679213047,8.802564621,3.643599033,8.893787384,6.089623928,8.695817947,2.437003851,7.143740177,-0.876519084,7.641615391,2.728810072,7.300561905,1.792933345,7.040661812,0.509907126,0.345302135,0.390439421,0.397168726,0.6672135,0.530744314,0.365918398,0.413485199,0.41599229,0.580530643,0.382374763,0.435524404,-0.5591,11952460,0.879201114,0.776622951,0.663995862,0.386184543,0.687000394,0.104089648,0.670392573,0.557002068,0.778312564,0.176958114,0.570092022,0.836688042,0.91667074,0.662905574,0.642993093,0.112795405,0.19392854,0.561455309,0.507811844,0.738716185
ずっと真夜中でいいのに。『猫リセット』MV (ZUTOMAYO – Neko Reset).mp3,2021,255.06,117.45,0.288684756,2560.979551,5423.678722,21.70442902,2620.156804,0.118856857,0.618557939,-23.16586304,110.2176437,78.98633575,27.25880241,3.945274353,18.88832283,22.46632004,14.48552799,4.341487885,11.18736458,7.176518917,11.60245705,-0.444075912,10.05291367,-1.177473068,10.24388218,-0.059944537,8.529448509,0.691812038,7.955566406,-2.834335566,8.419682503,0.688781679,7.854208946,-1.377662182,8.040103912,0.577970207,0.505616784,0.629521489,0.603631079,0.496587157,0.580755413,0.560289979,0.647325993,0.493757457,0.46861577,0.565153003,0.447448432,0.447,11439913,0.144480497,0.206133917,0.298836559,0.441552639,0.415610224,0.363082111,0.027532943,0.224395186,0.033431359,0.172380745,0.497680694,0.049451131,0.081812717,0.192008525,0.083441168,0.123629913,0.053009767,0.065097816,0.145600632,0.079710357
Neko Reset.mp3,2021,247.1,117.45,0.300644428,2631.855884,5585.686991,21.73311279,2662.844279,0.122656782,0.617856556,-10.84503651,95.04721832,77.01509094,28.78981972,2.012646437,17.17406082,22.55868149,14.74475098,4.062565804,11.11518192,7.041650772,11.64657021,-0.676715672,9.966611862,-1.393320918,10.26358509,-0.352562577,8.559042931,0.597701788,8.0029459,-2.900908947,8.423657417,0.680218756,7.880921841,-1.512867808,8.067298889,0.565663576,0.492502481,0.620229781,0.590438843,0.480071694,0.566667974,0.549474955,0.645696759,0.483399451,0.454992861,0.553424418,0.433432698,-0.2633,11439878,0.774647355,0.460410178,0.685423255,0.255924344,0.814237475,0.067147985,0.520313501,0.592799246,0.431625843,0.843573213,0.264346451,0.813497841,0.649458826,0.482490063,0.584271193,0.135232076,0.278011709,0.424352348,0.238816351,0.778607249
ずっと真夜中でいいのに。『形』MV (ZUTOMAYO - Pain Give Form).mp3,2025,211.67,92.29,0.112984344,1946.695905,4246.24397,21.4698666,2293.094943,0.079338446,0.734999604,-155.1984253,153.314743,97.22706604,39.87303162,6.828888893,18.7597599,19.29959106,16.9459362,4.408420563,10.1637764,4.477950573,9.38676548,1.759109497,8.509461403,0.000636635,9.182816505,1.378062367,9.040762901,2.403824806,7.084875107,-5.94520092,7.475908279,0.610706806,7.261099339,-2.821935415,6.780644894,0.442967445,0.62897408,0.428357661,0.431251973,0.449002057,0.555492759,0.667206645,0.423207611,0.446950734,0.437769771,0.490370244,0.422703266,0.2704,11391318,0.824567914,0.80419457,0.843975484,0.681355894,0.883537769,0.52256763,0.713219404,0.808388889,0.654121816,0.756043911,0.588889182,0.774327517,0.78409183,0.732059419,0.662387133,0.651382565,0.615275681,0.663955033,0.740502834,0.676326036
ずっと真夜中でいいのに。『微熱魔』MV (ZUTOMAYO - Warmthaholic).mp3,2025,217.34,89.1,0.125256971,2316.93903,4900.618656,21.52353312,2512.333774,0.104662285,0.72339707,-94.66030884,97.10174561,94.16584015,27.32108307,-3.228313446,16.90289497,21.80213547,14.7469244,5.282879353,10.34540462,2.523435354,10.3609457,-0.213042706,8.394264221,-1.678224325,8.904273987,0.074690849,7.927281857,-3.387193203,7.299958229,-5.731108665,8.151219368,-1.303602576,8.141427994,-1.362063885,7.442065239,0.428526253,0.415429622,0.668582857,0.456870973,0.573119581,0.438993841,0.543622673,0.679748237,0.463662654,0.595737934,0.415068626,0.555924177,0.447,10426747,0.144480497,0.206133917,0.298836559,0.441552639,0.415610224,0.363082111,0.027532943,0.224395186,0.033431359,0.172380745,0.497680694,0.049451131,0.081812717,0.192008525,0.083441168,0.123629913,0.053009767,0.065097816,0.145600632,0.079710357
ずっと真夜中でいいのに。『Ham』MV (ZUTOMAYO  – Ham).mp3,2020,231.02,117.45,0.21706526,2096.061502,4364.906876,23.34235485,2295.524526,0.090973275,0.772429678,-114.9642715,140.3484344,87.34634399,39.55165863,4.40079689,23.41268921,23.31732178,17.95269775,8.773715019,12.63679409,-0.271328896,14.1725111,-3.166530609,11.5755291,-5.305697441,14.13321781,-1.627569675,12.29577923,-4.562941551,10.89173985,-8.760248184,10.997262,-2.427132845,11.16666985,-3.559925318,8.805830956,0.507294655,0.331792235,0.489588946,0.409436494,0.372153312,0.582277715,0.360536933,0.441532701,0.307441175,0.393214136,0.526234031,0.365585297,-0.3957,10192286,0.859427929,0.92865181,0.809727728,0.759626865,0.86498189,0.607430339,0.840815246,0.824850202,0.835802078,0.691601515,0.839372218,0.904249668,0.876558423,0.797103107,0.882876694,0.680454075,0.833155036,0.699870169,0.795181394,0.874010086
ずっと真夜中でいいのに。『シェードの埃は延長』MV (ZUTOMAYO - SHADE).mp3,2025,237.71,95.7,0.126044303,2431.021676,5492.237168,21.41688457,2641.45281,0.099068441,0.732544527,-100.5411224,105.6828003,84.3715744,28.56612396,2.526249409,18.2200222,14.54133034,14.30837631,6.658142567,11.28544331,8.808444977,11.48335552,3.842285156,8.764929771,4.00705719,10.08344555,-0.174436435,8.49186039,2.109378576,7.57260561,-2.435696125,7.824433327,1.92438364,8.546662331,-1.249424219,7.866212845,0.435162604,0.409828365,0.585642874,0.54215318,0.521613359,0.624162436,0.584160209,0.652049661,0.459508985,0.541549563,0.39342159,0.312953025,-0.2909,9987629,0.453745902,0.70512557,0.806490898,0.413121998,0.586404443,0.098425418,0.509886444,0.615087867,0.395834625,0.357679695,0.688939512,0.666008174,0.456530958,0.68941015,0.533397496,0.244092613,0.292721659,0.590306938,0.461502105,0.521532059
ずっと真夜中でいいのに。『よもすがら』MV (ZUTOMAYO - yomosugara).mp3,2026,218.8,117.45,0.12078096,2271.125057,4961.021278,22.16871607,2530.093955,0.092909912,0.747118229,-131.0892639,118.2938995,91.19123077,34.94761276,8.869145393,21.32284546,20.38027,14.94822693,2.824739933,10.87041473,7.938719273,11.36978054,3.074416399,9.94133091,3.357264042,11.21288013,6.197717667,10.94760418,-0.378104597,8.980435371,-1.354735136,8.723148346,0.131203547,9.857915878,-0.828924179,8.713533401,0.625131488,0.42080456,0.45334506,0.408301115,0.339533955,0.434413016,0.406423241,0.580421269,0.434117645,0.523704112,0.511356652,0.401732564,0.4646,9300833,0.394084334,0.564038455,0.551332176,0.146087229,0.637087226,0.44601205,0.237598047,0.530814171,0.311531574,0.104385987,0.809772432,0.281689554,0.366986662,0.278465211,0.300540268,0.24771437,0.212517902,0.230789706,0.27909106,0.405331016
ずっと真夜中でいいのに。『花一匁』MV (ZUTOMAYO – Hanaichi Monnme).mp3,2023,250.98,129.2,0.133654103,2572.030422,5414.38648,21.88653593,2584.189009,0.130141317,0.602708502,-78.46216583,90.9527359,79.94684601,26.06288338,-6.566771984,16.85115433,23.38866806,15.55374718,5.046456814,10.0407629,8.801940918,9.416555405,2.980212212,8.438804626,-1.824427962,8.77394104,-0.175099283,8.180027008,-0.215276703,7.353270054,-3.682768106,8.116968155,-1.377819419,7.521862507,-1.614686966,7.97346735,0.662278295,0.518595457,0.607590973,0.457790911,0.566068649,0.654895663,0.485157371,0.61392355,0.571501195,0.625614285,0.537356198,0.457825243,-0.0678,9293092,0.564338624,0.747336626,0.651964426,0.558086157,0.73263967,0.257484913,0.660665154,0.635279059,0.671753287,0.681196749,0.587410688,0.745189846,0.765176833,0.628179371,0.566857934,0.226762235,0.477615058,0.47682327,0.615492404,0.619586408
Hanaichi Monnme.mp3,2023,250.61,129.2,0.307911277,2589.33071,5450.565608,21.88623418,2596.249417,0.13107954,0.603110508,5.016102791,89.37453461,79.86071777,25.83132362,-6.722551346,16.7844696,23.32058144,15.45888996,5.034069538,9.979952812,8.789637566,9.36208725,2.968709469,8.371290207,-1.786188006,8.728167534,-0.215682745,8.120199203,-0.191362739,7.297235012,-3.672246218,8.037630081,-1.36066103,7.46108675,-1.663086176,7.909117222,0.662966132,0.519533992,0.607529879,0.457991987,0.566339076,0.655051649,0.485028565,0.615836978,0.570795298,0.625222921,0.538199127,0.458680332,-0.0503,9293054,0.533275902,0.700792491,0.612309694,0.517205119,0.690245986,0.163637474,0.582728565,0.541408896,0.647658944,0.673889577,0.579162419,0.701713085,0.787747562,0.585515976,0.536798596,0.281362385,0.41531381,0.409988344,0.589716375,0.541469514
ずっと真夜中でいいのに。『胸の煙』MV（ZUTOMAYO – One's Mind).mp3,2021,258.05,136,0.254159927,2276.145739,4906.921771,22.57962355,2452.992567,0.087903498,0.65515756,-84.27828217,126.1032639,77.61600494,36.54935074,10.94431973,20.1634655,32.26115036,17.76852036,6.35643959,11.56638241,14.66622162,13.01807117,9.139632225,10.12844181,2.944453716,10.60104847,9.698822021,10.02653503,0.91210568,8.474750519,-1.526755095,8.637869835,5.477815628,8.766720772,-1.341952324,7.955655098,0.51686728,0.571804345,0.557479143,0.605653048,0.442288697,0.492937237,0.491343349,0.499674141,0.527642369,0.455602139,0.596626103,0.507750392,-0.5874,9279724,0.557483971,0.499755859,0.614914477,0.119356804,0.608710408,0.214156821,0.277962685,0.437192649,0.701636434,0.184088156,0.280222237,0.597842693,0.850126803,0.418741494,0.5206182,0.035712168,0.339033872,0.235349953,0.295547485,0.258513123
ずっと真夜中でいいのに。『クリームで会いにいけますか』MV (ZUTOMAYO - CREAM).mp3,2025,240.05,129.2,0.12361066,2195.766007,4678.551263,21.74344775,2444.850658,0.09905337,0.678663809,-110.7583542,107.054985,92.94295502,30.3615551,0.739680946,17.28738022,24.06887436,14.82706165,7.172221661,10.65038776,5.834382057,11.9422369,4.283982277,9.202942848,-2.107277632,9.482690811,0.551703513,8.889746666,-1.760012865,7.704950333,-8.513035774,8.235894203,-2.950479269,7.734683037,-4.070092201,7.302290916,0.397046894,0.573231041,0.551870942,0.607188702,0.560523808,0.450123399,0.524996459,0.426218808,0.525184512,0.525754452,0.494427711,0.471160322,0.447,9224579,0.144480497,0.206133917,0.298836559,0.441552639,0.415610224,0.363082111,0.027532943,0.224395186,0.033431359,0.172380745,0.497680694,0.049451131,0.081812717,0.192008525,0.083441168,0.123629913,0.053009767,0.065097816,0.145600632,0.079710357
ずっと真夜中でいいのに。『蹴っ飛ばした毛布』MV.mp3,2019,265.34,78.3,0.233922139,2241.840433,4803.990161,23.3431374,2496.337159,0.097977555,0.683394286,-75.03535461,107.6040726,92.10935974,34.90462112,7.710588932,22.03638268,22.8157177,16.20670891,6.81380415,13.40164948,6.44904232,13.85826588,2.718297005,10.92198658,4.008588314,12.35477543,2.299571276,10.99520111,-0.722215652,10.25655079,-5.598009586,10.40117073,-0.385383695,9.603629112,-2.174527645,9.592105865,0.488188058,0.437652737,0.597217739,0.41209951,0.641333938,0.358368874,0.387628287,0.485335529,0.358864158,0.441386551,0.325016171,0.4740417,-0.3049,7760660,0.597607851,0.633750319,0.767602801,0.395834625,0.852567613,0.329823315,0.593373656,0.7070508,0.698123693,0.707202494,0.519399405,0.403449327,0.597020626,0.701508641,0.65489471,0.287567735,0.816424668,0.613931179,0.527194858,0.459439963
ずっと真夜中でいいのに。『Dear. Mr「F」』MV.mp3,2019,329,152,0.102946222,1895.344352,3660.624775,25.38840545,2009.440603,0.092218439,0.76127701,-225.7765045,141.3085785,98.76660156,46.1267128,4.447531223,24.60876846,11.73849201,17.33435059,1.335962892,12.44229984,3.288398266,14.46809006,2.637311935,11.80496693,-11.80646133,11.70457554,-2.337362289,10.71502686,-7.801615238,9.70069313,-11.40453339,11.30526733,-5.530095577,11.66625786,-2.077679157,10.61552143,0.311573386,0.190666482,0.435381234,0.216410294,0.422717571,0.177972317,0.288992733,0.472423404,0.260245949,0.401557833,0.208346367,0.465487242,-0.6521,7146842,0.468441039,0.653403401,0.496948242,0.242609143,0.614108384,0.204619914,0.325440139,0.460713476,0.318485141,0.318008393,0.417212129,0.547464073,0.497436553,0.48849687,0.598539531,0.250821024,0.2084205,0.424918979,0.509291589,0.249264464
QUILT.mp3,2023,254.77,117.45,0.285999626,2241.147187,4805.389485,22.78980763,2471.387234,0.094687493,0.726776451,-45.74000549,102.7340622,92.93531036,31.24738312,0.93759203,18.22044182,23.75701141,15.39719009,8.54071331,11.66096115,8.872415543,10.97694016,2.633749247,9.396222115,-0.235276178,10.95555019,2.606880188,8.785126686,2.267403364,8.810618401,-2.770410776,8.782709122,0.59879142,9.608277321,-2.98363924,8.038175583,0.485933036,0.597303331,0.54527688,0.507317603,0.501022816,0.460691512,0.572701871,0.429492205,0.504981458,0.524492025,0.515375435,0.558447599,-0.0926,6834677,0.78890866,0.755276144,0.808294296,0.649467409,0.828036845,0.621081352,0.678646505,0.77763778,0.567696989,0.697917819,0.891361237,0.738763332,0.697711945,0.732496142,0.910391152,0.586759686,0.620621622,0.634316862,0.734976411,0.628407419
ずっと真夜中でいいのに。『袖のキルト』MV (ZUTOMAYO - QUILT).mp3,2022,254.39,117.45,0.291854739,2231.768757,4786.062966,22.84704452,2469.017553,0.094318636,0.7271346,-44.31823349,101.1843491,93.41790009,31.10282135,1.090967059,18.31779671,23.90357971,15.4606142,8.583241463,11.7227211,8.875495911,11.06384563,2.648816109,9.467806816,-0.263060868,11.03110027,2.661488533,8.841090202,2.262487173,8.879244804,-2.784881115,8.832988739,0.61021018,9.697314262,-2.981337547,8.127244949,0.485470653,0.597552538,0.547805011,0.508846223,0.501789093,0.459679186,0.571821213,0.426855326,0.50248462,0.523279071,0.5148592,0.558261573,-0.0867,6834677,0.318273216,0.304920614,0.470128387,0.347426414,0.595962882,0.237664387,0.314155728,0.394084364,0.027376484,0.373875827,0.756492496,0.179171219,0.061395895,0.311322153,0.283458948,0.256552488,0.258127242,0.127442077,0.374790668,0.19723177
ずっと真夜中でいいのに。『不法侵入』MV (ZUTOMAYO – Intrusion).mp3,2023,263.06,92.29,0.133934706,2435.958986,5050.118651,22.28577809,2509.528653,0.11529596,0.690860673,-96.98256683,101.8695984,85.57976532,29.28643799,-9.019371986,21.42139435,21.65526581,16.31723976,8.536010742,12.71107197,5.724391937,11.37437344,4.507135391,9.823811531,-2.711062908,10.71385002,-0.043892778,9.688218117,-0.358930022,8.350047112,-1.100716352,8.728397369,-2.403177977,8.260531425,-4.015347004,7.917689323,0.61531347,0.468113422,0.618121743,0.477170467,0.53824842,0.591999412,0.427754194,0.520039499,0.385510415,0.506089926,0.459454298,0.390746742,-0.1605,6432690,0.192444474,0.085061029,0.213136524,0.04926784,0.337967902,0.197512165,0.164617181,0.182753488,0.07538034,0.202393949,0.143487498,0.072112203,0.028034115,0.138928443,0.106504589,0.314918995,0.148293719,0.06072405,0.180539683,0.090977482
ずっと真夜中でいいのに。『消えてしまいそうです』MV  (ZUTOMAYO - Blush).mp3,2022,262.82,107.67,0.288512737,2355.226944,4906.645381,21.91723218,2454.7454,0.11313458,0.674206661,-20.00881004,97.28405762,86.32094574,30.10113335,-10.70069313,19.46995163,21.01212502,16.08568573,6.054994583,10.4143877,6.594653606,11.40290546,4.405767441,8.854732513,1.682784796,9.252621651,-0.444836587,8.73233223,-2.031390905,7.850741386,-1.066394567,8.226545334,-0.855685472,8.330327988,-1.577963471,9.098428726,0.631503105,0.489915013,0.626770973,0.423081189,0.510319233,0.591536343,0.455410808,0.56337744,0.445675761,0.573619545,0.460125297,0.386876374,-0.4431,6350156,0.787052751,0.482794881,0.723211765,0.248636767,0.654397964,0.153453991,0.406508505,0.584449053,0.478285164,0.34010154,0.527438223,0.780202329,0.434401333,0.349976897,0.448486686,0.307910532,0.274630934,0.260936439,0.364381671,0.618665278
Blush.mp3,2022,257.8,107.67,0.298366338,2412.798548,5027.646079,22.05872807,2507.04602,0.115885856,0.67301831,-8.657979012,73.28878021,87.63251495,27.80080223,-10.93831539,19.49960709,21.35486412,15.88500309,6.269016743,10.40338135,6.950448513,11.40613842,4.587670326,8.861051559,1.663773656,9.288214684,-0.596874952,8.752299309,-1.996027112,7.828021049,-0.929894745,8.225457191,-0.826544106,8.336560249,-1.728354692,9.107346535,0.63642025,0.49155575,0.630174398,0.42558983,0.514286041,0.598361015,0.459183365,0.56600672,0.44495967,0.575422525,0.463221163,0.388367712,-0.4431,6350122,0.787052751,0.482794881,0.723211765,0.248636767,0.654397964,0.153453991,0.406508505,0.584449053,0.478285164,0.34010154,0.527438223,0.780202329,0.434401333,0.349976897,0.448486686,0.307910532,0.274630934,0.260936439,0.364381671,0.618665278
ずっと真夜中でいいのに。『クズリ念』MV (ZUTOMAYO – KUZURI).mp3,2024,238.05,123.05,0.120415904,2346.007563,5012.39645,22.23267804,2497.927886,0.109721983,0.677937704,-115.822197,114.3655624,87.76694489,31.24996376,4.11241436,16.78507423,27.07693481,15.47114944,-0.190967143,11.64390945,4.642860889,10.38113594,4.212396622,8.725248337,-3.472584963,9.357296944,1.470842004,8.687644005,-0.052655891,8.628475189,-8.124130249,8.435095787,-0.432541847,9.110560417,-1.589425087,7.997209072,0.322717756,0.433745146,0.601076484,0.379911691,0.535829544,0.460135043,0.633130074,0.534328341,0.354384929,0.501582444,0.390459508,0.522030294,-0.5845,6067875,0.853882313,0.629432976,0.619298577,0.391667694,0.579281449,0.027480692,0.489503503,0.656960905,0.550607383,0.164852306,0.240038961,0.840684533,0.746693552,0.813608885,0.582134724,0.01384861,0.050705362,0.771843553,0.265204936,0.809087515
KUZURI.mp3,2024,235.47,123.05,0.246931255,2384.200061,5094.065548,22.37237041,2534.177817,0.111291917,0.677319106,-40.11415482,103.405899,88.50350952,29.94233131,4.024591446,16.85597992,27.23707581,15.21329117,-0.168281361,11.63733578,4.657897472,10.34617901,4.212649822,8.683052063,-3.473907709,9.3475914,1.450620055,8.677532196,-0.039888643,8.600862503,-8.157040596,8.358742714,-0.42253527,9.095599174,-1.625663877,7.970812798,0.321559966,0.433053464,0.60427177,0.38142103,0.540157199,0.461948454,0.637288094,0.539666355,0.35447678,0.503527462,0.392220378,0.527207196,-0.5845,6067840,0.853882313,0.629432976,0.619298577,0.391667694,0.579281449,0.027480692,0.489503503,0.656960905,0.550607383,0.164852306,0.240038961,0.840684533,0.746693552,0.813608885,0.582134724,0.01384861,0.050705362,0.771843553,0.265204936,0.809087515
ずっと真夜中でいいのに。『TAIDADA』 (ZUTOMAYO - TAIDADA)（Audio Track）.mp3,2024,225.44,143.55,0.316467851,2527.67305,5435.081371,21.37768016,2650.448328,0.114145774,0.619383928,-5.12367487,90.98443604,79.97174072,27.69057655,5.827781677,20.25377274,28.81730843,15.07318211,9.022148132,11.45833874,10.99625111,11.22511768,5.455401897,8.901087761,1.892650485,8.937491417,4.306894302,9.115618706,3.673936367,8.212364197,-2.442859173,8.262494087,0.901768267,7.848669052,0.209050834,7.881721973,0.550146759,0.53484261,0.607026339,0.675264537,0.546239674,0.589437544,0.565077305,0.616088569,0.524088562,0.521811962,0.630608261,0.521765351,-0.2187,5888313,0.858777821,0.712544799,0.914710701,0.687800348,0.850623786,0.661376357,0.776517034,0.758465886,0.802671552,0.497497559,0.680347919,0.841011226,0.76600939,0.76731962,0.888468802,0.475300878,0.604694366,0.728571415,0.792464256,0.659309208
ずっと真夜中でいいのに。『夏枯れ』Special Movie (ZUTOMAYO - Summer Slack).mp3,2022,250.26,103.36,0.221371263,1962.360563,4185.977369,22.3573634,2229.82685,0.087894476,0.676850994,-105.266861,139.1346588,95.59451294,41.59540939,2.080447912,20.38803673,22.01181412,15.70570564,5.143876553,13.11794853,5.897492886,11.86709976,3.262282372,9.001278877,-1.17380178,9.572312355,3.494551897,9.58347702,-2.905350447,8.271050453,-3.351354122,9.086529732,-4.921007156,9.04661274,-1.521801829,8.310036659,0.608962297,0.45129469,0.589100122,0.407661378,0.525357664,0.486906826,0.485605001,0.567336857,0.359918743,0.495625526,0.391026974,0.440140843,-0.369,3964827,0.438604832,0.652905703,0.755501747,0.800033748,0.89680624,0.635109305,0.727914989,0.829008043,0.657675803,0.775795877,0.895465553,0.200518519,0.633048773,0.71589601,0.400221795,0.858273745,0.651535034,0.522445858,0.767665386,0.321034133
Summer Slack.mp3,2022,236.13,103.36,0.230186373,2132.204995,4528.781976,22.98887483,2393.678565,0.097614288,0.676702948,-82.93731689,105.2192307,100.9038925,35.3034668,2.148952961,20.83161163,23.17995644,15.14244652,5.468142986,13.36564827,6.217024803,12.04926109,3.400069237,9.170023918,-1.221347451,9.77958107,3.660877943,9.742376328,-3.045885563,8.408309937,-3.538509369,9.27458477,-5.186202526,9.163726807,-1.638533235,8.485290527,0.639623463,0.472216129,0.620553017,0.428875387,0.553706348,0.512382746,0.504473209,0.591369152,0.37105906,0.518729627,0.411616951,0.465307772,-0.369,3964814,0.438604832,0.652905703,0.755501747,0.800033748,0.89680624,0.635109305,0.727914989,0.829008043,0.657675803,0.775795877,0.895465553,0.200518519,0.633048773,0.71589601,0.400221795,0.858273745,0.651535034,0.522445858,0.767665386,0.321034133
ultra soul.mp3,2026,79.57,95.7,0.26459375,1841.732275,3657.685051,22.37930036,1874.723144,0.096810342,0.647615016,-39.69480133,92.47640228,118.2665329,25.00952721,-35.50873947,18.23676682,42.02999115,15.24396801,-3.814244509,8.623756409,6.817942619,8.566576004,-3.56458354,7.072089672,-0.376482725,7.863625526,-2.320785999,7.686550617,-5.040308475,6.507355213,-8.51049614,6.405856609,-1.003012776,6.390612125,-7.308465481,6.320959568,0.530354917,0.560883641,0.465498507,0.587214112,0.40871647,0.534418821,0.476435214,0.543776095,0.654769421,0.464277327,0.578629196,0.452519178,0.4821,3724352,0.043163683,0.057176594,0.161287233,0.063714996,0.810368717,0.153168783,0.09734749,0.216342479,0.072177574,0.344884574,0.133810878,0.014295689,0.026607107,0.109944455,0.022911692,0.205176756,0.074770048,0.017325714,0.167967975,0.018743116
ずっと真夜中でいいのに。『Blues in the Closet』MV (ZUTOMAYO – Blues in the Closet).mp3,2024,224,112.35,0.133685485,1414.322275,2904.988235,23.5928127,1935.394706,0.050843702,0.643002195,-198.9978943,108.4762192,127.7782822,44.49776459,11.91812515,21.5100441,13.98913002,16.07805824,12.20816517,12.22621155,3.831783772,13.78242397,2.969297886,12.45508385,-2.352617979,13.06606483,-2.994085789,11.63211536,-2.62022686,9.367488861,-7.122804165,9.860607147,-0.946418345,10.38329506,0.330683768,10.04852009,0.480428368,0.444967389,0.708615899,0.584066808,0.504433215,0.647060096,0.472935051,0.633606553,0.419035077,0.407331169,0.444708079,0.300975174,-0.0265,3214563,0.188921794,0.430626184,0.271203458,0.124332584,0.533762038,0.122838542,0.363985926,0.285571158,0.401335806,0.152032256,0.695156991,0.224639609,0.476823241,0.46059218,0.622574091,0.021677377,0.026581826,0.492798358,0.16640906,0.207736567
Yushinron.mp3,2025,248.6,143.55,0.271621883,2330.331546,5060.016148,22.525203,2597.179173,0.093908793,0.744203083,-59.92850876,123.459137,91.8538208,32.28475571,2.922147036,20.54934692,19.47890091,17.70892906,3.79163456,12.21894836,3.664136648,14.04801941,8.836401939,9.973194122,-4.135694027,13.35492897,1.541555166,9.642537117,-2.697132587,10.57322788,-5.976037502,9.675103188,-4.436701775,10.05588341,-1.77596724,8.664345741,0.513390481,0.392959923,0.478232116,0.445894212,0.399977952,0.616946518,0.440098822,0.497464776,0.367532223,0.458826572,0.601403177,0.379701048,-0.2935,2433089,0.071721129,0.217358276,0.183337599,0.069636591,0.107203588,0.051343724,0.061424043,0.075995222,0.189605474,0.032867987,0.210522756,0.272556692,0.540408492,0.075892411,0.139895037,0.010328153,0.030271869,0.079782009,0.064801291,0.055720285
ずっと真夜中でいいのに。『違う曲にしようよ』 (ZUTOMAYO - Flow Different)（Audio Track）.mp3,2022,219.7,117.45,0.330071151,2192.515126,4652.935586,22.27833391,2496.331852,0.089027781,0.69957917,-44.30849075,110.088089,93.37886047,33.0646286,10.68445015,22.77832794,23.36343956,18.18659019,3.697828293,13.72731686,6.98757267,12.92605305,3.977865934,9.362475395,-1.574751377,10.57361794,2.249245405,9.951618195,-1.942440391,8.968141556,-3.560651302,9.344837189,-2.503847122,8.97405529,-2.64525795,8.918170929,0.649274766,0.538843572,0.615430713,0.5052073,0.562630832,0.655529201,0.475161999,0.603060305,0.52503866,0.630213559,0.490883291,0.419962823,0.1057,1829074,0.686580241,0.75533253,0.794841945,0.624808788,0.748145401,0.181224704,0.679923058,0.731322527,0.700485229,0.723704755,0.70446521,0.76891762,0.897560656,0.714403927,0.730133533,0.261307359,0.782288432,0.587292373,0.728736222,0.862467527
ずっと真夜中でいいのに。『マイノリティ脈絡』 (ZUTOMAYO - Minority Myakuraku)（Audio Track）.mp3,2022,300.21,161.5,0.261135876,2521.611083,5322.353323,22.46306821,2610.876717,0.111576571,0.597906502,-52.97314453,109.3630371,73.78535461,30.51674843,-0.889293313,24.12678146,27.25438499,17.52495003,14.45825386,12.89452457,5.156125546,12.82776356,4.460038185,10.55747795,2.381416798,12.18799782,4.46443367,11.22783566,6.162590504,10.51085758,-1.711523175,9.959441185,1.629597187,10.2761116,1.186555982,10.2563324,0.707496345,0.546472967,0.483413517,0.523590565,0.515503883,0.570257425,0.442046344,0.572057784,0.7052176,0.643228233,0.679750741,0.586295664,0.447,1739461,0.144480497,0.206133917,0.298836559,0.441552639,0.415610224,0.363082111,0.027532943,0.224395186,0.033431359,0.172380745,0.497680694,0.049451131,0.081812717,0.192008525,0.083441168,0.123629913,0.053009767,0.065097816,0.145600632,0.079710357
Nareai Serve.mp3,2023,237.87,83.35,0.303513944,2305.301673,4768.928755,21.537622,2384.156436,0.107010375,0.655515131,-4.549665928,85.97875214,88.87163544,26.71158218,-14.20554543,19.7087059,32.85174942,15.0126524,8.791750908,11.48678589,12.30788612,10.28563499,1.891739488,9.2632761,5.338816643,9.857637405,3.980926991,8.567038536,2.340527058,8.476964951,-2.939512014,8.332632065,0.836529732,7.559777737,-2.83616066,7.529208183,0.666916549,0.55951798,0.483266473,0.606789887,0.536094129,0.687517822,0.505964518,0.530592501,0.606793344,0.531444907,0.570823967,0.456762791,0.3731,1622214,0.034684177,0.071851261,0.055771697,0.037643999,0.144661665,0.031843796,0.034979649,0.092114501,0.030559862,0.024987796,0.03038675,0.008396701,0.029118354,0.038574696,0.016355833,0.020196633,0.027611488,0.024191488,0.035111744,0.019105725
ずっと真夜中でいいのに。『シェードの埃は延長』 (ZUTOMAYO - SHADE)（Audio Track）.mp3,2025,231.25,95.7,0.349158734,2493.859565,5644.022254,21.63991432,2713.919311,0.101580247,0.732702099,10.40552998,71.22032166,86.83345795,25.06671906,2.812050581,18.32065582,14.76529598,14.18061161,6.862637997,11.33923435,8.926263809,11.48349571,3.898766041,8.81599617,4.080680847,10.13936234,-0.223034814,8.526339531,2.193041086,7.66653204,-2.467760324,7.890507221,1.984821677,8.615876198,-1.305669785,7.928726196,0.438423812,0.414078772,0.596108377,0.548163176,0.530958295,0.636857271,0.592327535,0.661711931,0.465564311,0.545991778,0.396519333,0.315469652,-0.2313,1251018,0.947332382,0.969120324,0.889420867,0.887996197,0.956876695,0.781914055,0.939387262,0.933157206,0.92216754,0.845719576,0.885036647,0.939913332,0.929504335,0.879354179,0.941841602,0.852751613,0.923901856,0.819286466,0.910126925,0.954008996
ずっと真夜中でいいのに。『夜中のキスミ』 (ZUTOMAYO - Kisumi at Midnight)（Audio Track）.mp3,2022,275.41,129.2,0.274923056,2286.7419,4938.798613,23.01572552,2539.028412,0.093981833,0.674698919,-48.49848175,101.4443054,87.48764801,28.62999344,5.778432369,18.93046379,27.00471306,14.67472267,7.773200512,11.40792942,10.78257656,12.74435043,2.392032146,9.767877579,3.852288961,10.05539322,2.266820669,8.827411652,2.599902391,7.995335579,-5.133627892,8.029385567,-2.653843641,7.835575581,-0.278116345,7.907458782,0.396530837,0.612073541,0.566742599,0.5199911,0.675343573,0.523661733,0.665426016,0.460387468,0.450953335,0.406231076,0.286621749,0.423128277,0.3667,1172057,0.786376894,0.806319416,0.78886795,0.648243666,0.820109546,0.914290726,0.694872379,0.778775513,0.810319543,0.595962942,0.814938128,0.665193081,0.913964927,0.648688912,0.736921608,0.748438537,0.669609845,0.545164645,0.775565624,0.655005097
ずっと真夜中でいいのに。『居眠り遠征隊』 (ZUTOMAYO - Inemuri Enseitai)（Audio Track）.mp3,2022,218.36,129.2,0.222355604,2243.710131,4737.668726,22.56842579,2435.862965,0.095258298,0.532166643,-80.37285614,121.2957535,89.73658752,31.9037056,-0.841372788,22.27835655,28.44716644,16.72464943,7.827209473,12.77382946,5.22598362,16.71067619,7.054396152,11.5273304,-0.320683151,10.3065424,4.893746853,11.26666451,-2.139980316,9.332946777,-4.592779636,9.586318016,2.490217447,9.710813522,-0.108225085,8.895562172,0.531807303,0.841110706,0.591334343,0.549575448,0.503405392,0.427789092,0.544837832,0.41437602,0.543420136,0.407833934,0.439019263,0.566015899,0.1579,1048003,0.185799435,0.104797542,0.309453934,0.091503799,0.285857618,0.02878888,0.179854438,0.219253913,0.186465144,0.025687136,0.077169217,0.151403829,0.080646619,0.079032429,0.196440548,0.028463025,0.056548133,0.074905276,0.070048966,0.21646668
Superficial Me.mp3,2023,247.81,172.27,0.272247076,2038.122464,4284.913738,22.61020379,2240.042274,0.095054905,0.715334317,-49.16320419,94.73150635,104.1302948,32.41968918,-7.649468899,18.67033195,32.59704971,17.11650085,-3.587730169,11.09415245,6.41770649,10.92240143,4.175746441,8.873088837,-1.450070024,8.921902657,4.614166737,9.387905121,1.31296587,8.011256218,1.49465394,8.961460114,2.655307531,8.672625542,0.806385875,8.375654221,0.645036936,0.442822933,0.501264095,0.410389572,0.622237504,0.592389166,0.496881425,0.617261648,0.508145332,0.583405197,0.42043981,0.469628215,0.4508,1009306,0.508666098,0.219755799,0.706241131,0.177419722,0.420480609,0.087077416,0.276250958,0.290628403,0.14838624,0.043813635,0.103159875,0.263321072,0.390359581,0.314682007,0.454109073,0.044142101,0.250379711,0.14622435,0.157517165,0.343231618
ずっと真夜中でいいのに。『またね幻』 (ZUTOMAYO - Matane Maboroshi)（Audio Track）.mp3,2022,242.42,95.7,0.244978294,2357.021651,5095.020668,22.93650989,2566.26282,0.100833983,0.685267059,-66.38768768,118.6187057,85.12150574,28.95189857,4.913767815,25.87780952,24.31645012,16.38459015,9.148343086,11.86980343,3.459430933,13.98491669,3.056837559,11.64387894,-1.222064972,12.45929909,3.004297972,10.1520071,-0.930189669,10.03961277,-3.419588327,9.291929245,1.699449182,10.56973934,0.271213561,10.06021881,0.556164384,0.412870735,0.541272879,0.539059043,0.440399885,0.527442038,0.413354337,0.572384477,0.439770043,0.527056694,0.575141132,0.421714306,0.447,1002169,0.144480497,0.206133917,0.298836559,0.441552639,0.415610224,0.363082111,0.027532943,0.224395186,0.033431359,0.172380745,0.497680694,0.049451131,0.081812717,0.192008525,0.083441168,0.123629913,0.053009767,0.065097816,0.145600632,0.079710357
ずっと真夜中でいいのに。『JK BOMBER』 (ZUTOMAYO - JK BOMBER)（Audio Track）.mp3,2022,235.22,123.05,0.266741335,2217.996812,4634.908791,22.5368986,2354.316913,0.097049839,0.718582569,-48.58377075,100.1543655,92.18795013,38.0879364,-6.104578018,21.45803833,29.19219398,15.059021,15.25422478,13.71150589,6.35829401,11.76020145,1.598864436,9.673949242,6.566221714,9.686810493,7.45276022,9.743859291,2.075038195,7.831175804,-4.019433022,7.916579247,2.524866819,8.538255692,0.1423233,8.078789711,0.534071982,0.469877362,0.435917377,0.678070068,0.638002634,0.475392431,0.446799517,0.464046776,0.589485765,0.52840507,0.549547732,0.541556001,-0.181,918026,0.940653622,0.665410578,0.790772736,0.475848854,0.723993003,0.653900921,0.708111644,0.627380669,0.623835325,0.401687801,0.710226536,0.912611604,0.950732172,0.637143731,0.765768528,0.334209055,0.540075004,0.473900676,0.631139755,0.441311806
ずっと真夜中でいいのに。『はゔぁ』 (ZUTOMAYO - Have A)（Audio Track）.mp3,2022,218.79,152,0.270516366,2358.491506,4935.307095,21.81768381,2487.962207,0.103655948,0.7376763,-37.01146698,115.3092499,82.57328033,26.65194321,-5.321129799,22.53265381,31.14153481,13.60236454,9.47305584,11.76435184,11.66788673,11.51296043,3.856619835,9.186779022,2.774436474,9.174108505,9.147257805,9.505580902,3.706437588,7.702153683,-0.781066656,8.110279083,3.260239601,7.704771519,-0.843416691,6.805344582,0.642906666,0.667683244,0.456832379,0.481582463,0.454123944,0.495893478,0.458977163,0.532476962,0.530985117,0.38768664,0.42776826,0.388647258,-0.2909,826410,0.453745902,0.70512557,0.806490898,0.413121998,0.586404443,0.098425418,0.509886444,0.615087867,0.395834625,0.357679695,0.688939512,0.666008174,0.456530958,0.68941015,0.533397496,0.244092613,0.292721659,0.590306938,0.461502105,0.521532059
ずっと真夜中でいいのに。『虚仮にしてくれ』 (ZUTOMAYO - KOKE)（Audio Track）.mp3,2024,258.87,99.38,0.258810431,1668.701529,3469.852896,22.49791878,2104.163569,0.071501692,0.775405778,-70.61938477,96.94707489,119.2544632,28.64795685,-2.764054298,22.92315102,30.84200668,13.86065197,10.61556625,10.92750359,0.402253807,10.749053,2.855035067,10.0023613,0.506261349,9.652477264,0.325507104,9.601778984,-5.643359184,8.593902588,-5.087483883,7.886856079,-1.820875525,8.233265877,-0.997155607,7.421626568,0.589495182,0.362496108,0.542788684,0.386960328,0.635712504,0.604310751,0.395998895,0.587700486,0.368701756,0.413899302,0.306625307,0.469289124,0.1057,592289,0.686580241,0.75533253,0.794841945,0.624808788,0.748145401,0.181224704,0.679923058,0.731322527,0.700485229,0.723704755,0.70446521,0.76891762,0.897560656,0.714403927,0.730133533,0.261307359,0.782288432,0.587292373,0.728736222,0.862467527
ずっと真夜中でいいのに。『彷徨い酔い温度』 (ZUTOMAYO - Samayoi Yoi Ondo)（Audio Track）.mp3,2022,292.84,117.45,0.19329907,2082.314813,4253.935327,23.60666735,2371.14081,0.088575427,0.817517349,-126.697319,125.6331863,97.14531708,36.19311905,-0.62817806,26.6423912,11.13976669,19.70416069,2.263110399,16.30186653,0.621401787,15.99894524,3.307150126,13.89684486,-2.927126169,13.52071667,4.012291908,11.50145245,0.523376703,12.99442482,-3.04030633,12.92409611,-1.641988754,12.54000092,-0.234856114,10.68427849,0.616533875,0.598900676,0.3505072,0.468638062,0.276662827,0.373892665,0.260775357,0.31614086,0.438195139,0.259324998,0.387928724,0.269978672,-0.6728,581677,0.929951012,0.921074092,0.937296987,0.895225346,0.955319166,0.789477229,0.851212263,0.890389562,0.960025251,0.933218122,0.90471369,0.898187518,0.966913998,0.802835882,0.897695303,0.851026595,0.863621771,0.790282547,0.909866929,0.917154372
ずっと真夜中でいいのに。『マリンブルーの庭園』 (ZUTOMAYO - Marine Blue Garden)（Audio Track）.mp3,2022,214.29,86.13,0.238378227,2031.778374,4312.481818,23.25631538,2317.300489,0.079675712,0.802069519,-81.62062073,105.4212341,99.23967743,36.12081146,-0.178038597,25.75969887,37.2110672,15.92671776,12.02628899,12.37348938,0.435690105,12.89935398,-0.690593243,9.420506477,1.945295572,12.30974865,4.804018974,9.677721024,-1.66250217,9.01892662,-3.218004704,9.515879631,0.224794716,9.1254673,-1.091328502,8.681008339,0.395144463,0.45445323,0.619320512,0.497095644,0.60321337,0.48532179,0.543061078,0.495794863,0.362362415,0.544562936,0.458402663,0.528139651,-0.3305,579792,0.566857994,0.452293992,0.438184083,0.030386753,0.649050474,0.22948125,0.050541092,0.138170823,0.204997629,0.109396152,0.380586267,0.470006764,0.187550813,0.076580152,0.090816095,0.050470848,0.054752037,0.067669809,0.048994113,0.465812683
ずっと真夜中でいいのに。『ろんりねす』 (ZUTOMAYO - Loneliness)（Audio Track）.mp3,2022,293.78,136,0.212561816,2097.571107,4663.773045,22.75072853,2556.72854,0.070122984,0.776805329,-120.3510666,91.63766479,90.33712006,34.63610077,21.61995125,23.20352554,28.34701729,18.0857029,13.4444828,12.77855301,6.943585396,13.33799362,5.302194118,10.34545517,0.140359387,11.03984547,5.163821697,10.62580967,1.107607007,9.592859268,-0.888270378,9.885541916,2.978616714,9.477600098,1.305720448,8.694032669,0.356380969,0.480814427,0.372437418,0.44052732,0.450357676,0.401438683,0.557602882,0.483927816,0.537837446,0.341346025,0.33392781,0.390298247,0.1057,497220,0.686580241,0.75533253,0.794841945,0.624808788,0.748145401,0.181224704,0.679923058,0.731322527,0.700485229,0.723704755,0.70446521,0.76891762,0.897560656,0.714403927,0.730133533,0.261307359,0.782288432,0.587292373,0.728736222,0.862467527
ずっと真夜中でいいのに。『奥底に眠るルーツ』 (ZUTOMAYO - Inner Heart)（Audio Track）.mp3,2022,263.85,89.1,0.193152875,2485.529342,5361.731576,22.71302187,2618.109456,0.10185876,0.720467594,-94.93279266,111.1068344,75.13239288,29.17988014,5.654757023,21.29640579,30.18281937,16.82148361,13.54358482,13.66565609,11.14344597,13.99350262,7.553048611,10.36901665,5.627386093,12.32645226,4.969602585,9.41139698,5.835906029,8.85406971,-3.627899885,9.106641769,3.257471561,8.929341316,-2.262531996,7.967978001,0.520531297,0.579892516,0.414657086,0.474821597,0.542358875,0.426137179,0.55183202,0.438085854,0.542596877,0.441498488,0.368679762,0.525255382,-0.0502,480001,0.818996489,0.689932704,0.668122828,0.679922998,0.863060117,0.619241059,0.706570208,0.669380248,0.797950745,0.867092013,0.685738981,0.619701445,0.626923859,0.580411494,0.692589998,0.618031442,0.621081352,0.561996162,0.675202668,0.599836767
ずっと真夜中でいいのに。『機械油』 (ZUTOMAYO - Engine Oil)（Audio Track）.mp3,2022,196.37,129.2,0.236607686,2379.24906,5215.751432,20.8818363,2615.323485,0.095047196,0.509190082,-54.08757401,109.6956177,86.37866211,33.85770035,2.790690899,21.81356812,13.60821533,16.04316902,9.53512764,13.37780476,14.83180904,11.02109623,11.1189909,10.00558853,6.977140427,9.921350479,2.289028168,9.032371521,3.665596247,8.655087471,2.235987186,8.25108242,4.165317059,7.759857655,1.452122211,7.130082607,0.718178928,0.586098611,0.591341555,0.617674828,0.586098254,0.562454522,0.52185148,0.61447674,0.518269002,0.554812908,0.641211987,0.596756339,-0.4594,447539,0.807023764,0.652352154,0.5692541,0.462473065,0.830594122,0.454351068,0.50012207,0.553324282,0.712332249,0.603698254,0.429907948,0.415017426,0.770162404,0.552056789,0.595610201,0.386473954,0.409693092,0.393967777,0.53157419,0.443600446
ずっと真夜中でいいのに。『繰り返す収穫』 (ZUTOMAYO - Crop)（Audio Track）.mp3,2022,234.05,99.38,0.217232361,2632.339141,5589.680939,22.46101332,2663.73986,0.112648664,0.726087823,-64.96556854,105.540184,70.18258667,30.5026207,7.950688839,18.9321785,33.26849747,14.96316719,5.565589905,12.13868141,11.38664532,11.93091106,8.294047356,8.724497795,3.499673605,9.040084839,0.75126785,8.324995995,2.481506586,7.478041172,-6.073898315,7.897362232,0.168185115,8.539586067,-1.241525531,7.902603626,0.464669943,0.557071447,0.42344147,0.473632216,0.473264337,0.377448142,0.552441716,0.43396315,0.505086422,0.430164844,0.444923222,0.575217068,-0.6521,372250,0.468441039,0.653403401,0.496948242,0.242609143,0.614108384,0.204619914,0.325440139,0.460713476,0.318485141,0.318008393,0.417212129,0.547464073,0.497436553,0.48849687,0.598539531,0.250821024,0.2084205,0.424918979,0.509291589,0.249264464
ずっと真夜中でいいのに。『過眠』 (ZUTOMAYO - Hypersomnia)（Audio Track）.mp3,2022,253.03,71.78,0.162682369,1967.698934,3991.888937,23.25861683,2262.437909,0.084416068,0.844488933,-146.3209534,99.99808502,105.4009933,46.25539017,2.245795965,20.4914341,22.60792732,22.51012421,5.990305901,14.00250149,-0.27855742,15.47091579,2.979995251,10.7651062,-9.211145401,17.01577377,3.64239502,11.2575407,-0.554887712,11.7797699,-3.00265789,11.88639641,-1.315840721,11.31872749,-1.502185225,9.708191872,0.446000665,0.293343127,0.445487916,0.400750816,0.349849463,0.3365722,0.346698344,0.56935209,0.488961041,0.338161409,0.33001861,0.41722396,-0.6095,353566,0.636494339,0.404272258,0.431464434,0.515376031,0.608361363,0.156910643,0.393384993,0.266846567,0.341472715,0.079602949,0.288068175,0.391813129,0.885878503,0.533883512,0.53291136,0.015101651,0.015814932,0.258887738,0.273986995,0.811152995
ずっと真夜中でいいのに。『間人間』 (ZUTOMAYO - Almost Human)（Audio Track）.mp3,2026,245.03,161.5,0.323907763,2745.161228,6041.441822,21.65442455,2829.88186,0.12134962,0.627751192,2.659529686,89.00525665,75.45233917,25.18553352,6.37120533,17.2624054,22.00735664,12.35781956,7.540971756,9.738362312,10.97840405,9.578958511,5.980256557,8.490088463,-2.561016798,9.063396454,3.006369829,9.847743988,0.767329991,7.935905457,0.625620663,7.997655869,2.174664021,7.745509624,0.543074548,7.126923084,0.480381221,0.33484742,0.498988003,0.435991168,0.647352576,0.632094502,0.65449518,0.721112072,0.657406509,0.639215469,0.498335004,0.601268113,0.1057,264782,0.686580241,0.75533253,0.794841945,0.624808788,0.748145401,0.181224704,0.679923058,0.731322527,0.700485229,0.723704755,0.70446521,0.76891762,0.897560656,0.714403927,0.730133533,0.261307359,0.782288432,0.587292373,0.728736222,0.862467527
ずっと真夜中でいいのに。『サターン』(ZUTOMAYO - Saturn).mp3,2020,247.23,123.05,0.11995662,2539.432803,5944.292493,23.30551784,2863.548808,0.091711215,0.766432463,-182.2109375,70.82571411,69.54576874,27.63714218,23.19334793,30.50891876,42.72210693,17.57220459,18.00786972,13.70891476,4.758077621,14.09768677,16.71016502,10.55464363,4.201821327,11.6139679,10.29963398,10.46047306,1.018352866,10.2743454,-4.080581665,8.63792038,3.018099785,10.17055988,-1.735105991,9.614017487,0.45511952,0.445099175,0.370139956,0.488995463,0.410646498,0.61799705,0.501718283,0.604790866,0.685297012,0.482889295,0.506271005,0.34023577,0.108,178621,0.135174975,0.118895665,0.548613071,0.083031312,0.164214656,0.31978485,0.141281396,0.153168783,0.104249112,0.146636292,0.132234156,0.131117597,0.136896595,0.233029351,0.251119316,0.118283212,0.077308416,0.123947665,0.139279246,0.061367761
ずっと真夜中でいいのに。『不死身の訓練』 (ZUTOMAYO - Learning How Not to Break)（Audio Track）.mp3,2026,168.01,99.38,0.302549422,2376.777885,5142.358641,22.09172781,2605.701796,0.102215566,0.579950124,-20.52034569,76.73207092,88.21789551,25.77825546,-0.232934892,16.42557526,22.83400536,15.0152483,3.522387028,10.56271744,6.963649273,9.993206024,3.33321619,9.123234749,-2.00223732,11.16870594,3.15626502,10.27333355,-2.638563395,8.780097961,-4.655950069,7.915052414,-1.138159156,9.239583969,-2.660815477,8.323677063,0.835015893,0.637932301,0.503343046,0.506059527,0.474703461,0.440780371,0.332623422,0.469855636,0.636048496,0.519976914,0.533577204,0.648661792,0.2774,142062,0.83960247,0.634011507,0.797438502,0.346945882,0.878522873,0.436742187,0.431075215,0.471709907,0.662114084,0.829526544,0.525490582,0.762733459,0.810628891,0.647965312,0.626695454,0.515558958,0.44513756,0.445431501,0.707379401,0.362602323
ずっと真夜中でいいのに。『アンチモン』 (ZUTOMAYO - antinomy)（Audio Track）.mp3,2026,188.05,123.05,0.200300127,2077.646667,4675.472835,21.53029306,2484.079067,0.072241931,0.774039934,-160.0466461,118.9455719,94.16139221,45.13353348,28.10321045,24.02797699,21.23809052,18.21452522,7.371852398,13.7450285,19.26512718,12.73213673,3.583879471,11.07581997,2.345298052,10.35065746,0.56928736,10.55597973,5.136695862,10.2188015,-2.780233622,10.53674889,2.820944786,9.165398598,-0.866155446,8.113230705,0.458621293,0.341302931,0.384140462,0.367893547,0.54445219,0.533175945,0.552207172,0.777590513,0.658485353,0.644107521,0.480009615,0.40106523,0.447,81132,0.144480497,0.206133917,0.298836559,0.441552639,0.415610224,0.363082111,0.027532943,0.224395186,0.033431359,0.172380745,0.497680694,0.049451131,0.081812717,0.192008525,0.083441168,0.123629913,0.053009767,0.065097816,0.145600632,0.079710357
This Planet Feels Fake.mp3,2026,67.21,152,0.258642465,2273.994593,4902.816548,22.25446434,2503.180013,0.09759941,0.742885592,-49.53363419,111.2586212,93.68869019,26.75922966,0.619575799,16.56624985,16.98400879,11.97006798,-4.344885826,11.21518326,4.641867161,9.728629112,0.971666217,7.687576294,1.404999495,8.002639771,-0.580763578,9.316939354,-4.275756359,7.460156918,-8.15468502,7.533964157,-6.593365669,7.834972858,-4.234524727,7.381361961,0.356851846,0.546058476,0.390874594,0.463150084,0.68407017,0.417567581,0.45587486,0.374824792,0.480487376,0.495626003,0.351714939,0.568384051,-0.8306,79879,0.048631363,0.951683879,0.647324622,0.04646467,0.522445858,0.021450732,0.217067704,0.466997534,0.129402727,0.037467506,0.547947943,0.600510538,0.928473651,0.283632547,0.19068633,0.022824407,0.027901374,0.178025126,0.12362989,0.072112203
lowmotion algae.mp3,2026,640.85,123.05,0.217458621,1912.011349,4017.305762,22.39205497,2172.12607,0.085623585,0.737393142,-80.12769318,106.8850403,111.5232773,36.30421829,-9.545949936,19.4084568,23.02504349,16.58745193,4.40011549,11.52256393,11.22583008,10.58176327,0.5907107,9.220703125,2.705870152,9.634360313,1.757853508,8.327138901,-2.353394985,8.635903358,-4.242733479,8.775708199,-1.138778567,9.052969933,-0.575165868,8.512501717,0.689673841,0.416840702,0.482344449,0.362680227,0.506241441,0.434839517,0.426332772,0.606288731,0.474522501,0.528750479,0.396658748,0.458067358,-0.2633,73664,0.508422077,0.410490364,0.505553961,0.332811654,0.699325025,0.223068833,0.519826055,0.641057372,0.340101123,0.766817927,0.795181394,0.431883633,0.093677998,0.303447902,0.139983177,0.486514509,0.576137722,0.262132913,0.462017924,0.44086042
Kani Shabu Funk.mp3,2026,114.99,123.05,0.233437896,2199.430609,4834.069329,22.82571783,2476.211007,0.093993303,0.74074445,-53.21420288,85.51612854,95.2921524,25.17069817,-0.74569279,18.62240028,18.67611885,13.73051071,3.573925257,12.52811337,8.71848774,11.27725601,-0.044178709,8.969417572,1.880512953,9.888134003,-2.065260172,8.781787872,-0.219578594,8.61330986,-7.574659824,8.679420471,0.562336147,7.852737427,-3.491866827,8.101732254,0.568938851,0.42931515,0.573747575,0.425787568,0.479853541,0.491102338,0.427303284,0.626435876,0.416212499,0.526536405,0.396498293,0.422289044,0.2718,57224,0.223737255,0.305677891,0.053502146,0.248124048,0.478711665,0.256999493,0.215062127,0.804021478,0.177489877,0.814385176,0.413240373,0.070880488,0.196209401,0.164248168,0.293872923,0.186984167,0.164852291,0.09628012,0.239393815,0.097820468
ずっと真夜中でいいのに。『グラスとラムレーズン』 (ZUTOMAYO -Glass To Rum Raisin)（Audio Track）.mp3,2022,234.1,143.55,0.135691091,2506.794226,5336.858,22.38479376,2662.361974,0.104192042,0.418873418,-186.4476166,128.658905,75.04113007,43.5544014,8.897810936,28.06322479,11.34801197,20.23381805,4.066916466,14.49513149,0.475117564,16.64996529,6.45326376,12.52449894,-4.894879818,13.47081375,-1.846993804,11.06402874,-3.600043058,11.57402134,-6.656116962,11.81203461,-4.114685059,11.11948204,-2.033930779,10.2059021,0.522515953,0.579429567,0.478538573,0.555564463,0.465760261,0.418859065,0.480648071,0.374398291,0.420146197,0.415519983,0.520519018,0.605957747,0.447,1561,0.144480497,0.206133917,0.298836559,0.441552639,0.415610224,0.363082111,0.027532943,0.224395186,0.033431359,0.172380745,0.497680694,0.049451131,0.081812717,0.192008525,0.083441168,0.123629913,0.053009767,0.065097816,0.145600632,0.079710357
