"0","# Assuming we have the non-mutated sequence in a variable called non_mutated_seq"
"0",""
"0","# Find the differences between the mutated sequence and the non-mutated sequence"
"0",""
"0","mutated_seq <- sequences"
"0",""
"0","non_mutated_seq <- sequence2"
"0",""
"0","# Find the positions where the sequences differ"
"0",""
"0","differences <- which(strsplit(mutated_seq, """")[[1]] != strsplit(non_mutated_seq, """")[[1]])"
"0",""
"0",""
"0","# Print the differences"
"0","for (pos in differences) {"
"0","  cat(""Position:"", pos, ""Mutated:"", substr(mutated_seq, pos, pos), ""Non-mutated:"", substr(non_mutated_seq, pos, pos), ""\n"")"
"0","}"
"1","Position:"
"1"," "
"1","124"
"1"," "
"1","Mutated:"
"1"," "
"1","C"
"1"," "
"1","Non-mutated:"
"1"," "
"1","V"
"1"," "
"1","
"
"1","Position:"
"1"," "
"1","144"
"1"," "
"1","Mutated:"
"1"," "
"1","K"
"1"," "
"1","Non-mutated:"
"1"," "
"1","E"
"1"," "
"1","
"
"1","Position:"
"1"," "
"1","145"
"1"," "
"1","Mutated:"
"1"," "
"1","F"
"1"," "
"1","Non-mutated:"
"1"," "
"1","R"
"1"," "
"1","
"
"1","Position:"
"1"," "
"1","149"
"1"," "
"1","Mutated:"
"1"," "
"1","Q"
"1"," "
"1","Non-mutated:"
"1"," "
"1","Y"
"1"," "
"1","
"
